-- phpMyAdmin SQL Dump
-- version 3.3.10.4
-- http://www.phpmyadmin.net
--
-- Host: mysql.beta.marvel-timeline.com
-- Generation Time: Jul 14, 2013 at 04:58 AM
-- Server version: 5.1.53
-- PHP Version: 5.4.11

SET SQL_MODE="NO_AUTO_VALUE_ON_ZERO";


/*!40101 SET @OLD_CHARACTER_SET_CLIENT=@@CHARACTER_SET_CLIENT */;
/*!40101 SET @OLD_CHARACTER_SET_RESULTS=@@CHARACTER_SET_RESULTS */;
/*!40101 SET @OLD_COLLATION_CONNECTION=@@COLLATION_CONNECTION */;
/*!40101 SET NAMES utf8 */;

--
-- Database: `marvel_timeline`
--

-- --------------------------------------------------------

--
-- Table structure for table `mu_arc`
--

CREATE TABLE IF NOT EXISTS `mu_arc` (
  `id` int(11) NOT NULL AUTO_INCREMENT,
  `title` varchar(255) NOT NULL,
  `image` varchar(255) DEFAULT NULL,
  `summary` longtext NOT NULL,
  `href` varchar(255) DEFAULT NULL,
  `added_by` bigint(20) NOT NULL,
  `edited_by` longtext,
  PRIMARY KEY (`id`)
) ENGINE=MyISAM  DEFAULT CHARSET=utf8 AUTO_INCREMENT=7 ;

--
-- Dumping data for table `mu_arc`
--

INSERT INTO `mu_arc` (`id`, `title`, `image`, `summary`, `href`, `added_by`, `edited_by`) VALUES
(4, 'Civil War', '1319806710.jpg', 'Superheroes find themselves on opposing sides when they are forced to decide whether they should be made to register themselves as heroes and reveal their personal identities.', 'http://marvel.com/universe/Civil_War', 0, NULL),
(5, 'Decimation', '1322085937.png', 'In the wake of The House of M the world must deal with a new reality where over 90% of the mutant populations has lost their powers.', 'http://en.wikipedia.org/wiki/Decimation_(comics)', 0, NULL),
(6, 'House of M', '1323604606.jpg', 'Following Avengers: Disassembled the Scarlet Witch causes an alternate reality to be imposed where mutants are the dominant and more prevalent species.  This is in part to recreate her lost children.\r\n\r\nVarious superheros come to realise that the reality s wrong thanks to a young mutant named Layla Miller.  They work together to try and set things right.', 'http://en.wikipedia.org/wiki/House_of_M', 0, NULL);

-- --------------------------------------------------------

--
-- Table structure for table `mu_character`
--

CREATE TABLE IF NOT EXISTS `mu_character` (
  `id` int(11) NOT NULL AUTO_INCREMENT,
  `name` varchar(255) NOT NULL,
  `image` varchar(255) DEFAULT NULL,
  `href` varchar(255) DEFAULT NULL,
  `added_by` bigint(20) NOT NULL,
  `edited_by` longtext,
  PRIMARY KEY (`id`),
  UNIQUE KEY `name` (`name`),
  UNIQUE KEY `image` (`image`)
) ENGINE=MyISAM  DEFAULT CHARSET=utf8 AUTO_INCREMENT=96 ;

--
-- Dumping data for table `mu_character`
--

INSERT INTO `mu_character` (`id`, `name`, `image`, `href`, `added_by`, `edited_by`) VALUES
(3, 'Captain America (Steve Rogers)', '1319759961.jpg', 'http://marvel.com/universe/Captain_America_(Steve_Rogers)', 0, '[{"fb_id":"737699300","time":1339336821}]'),
(4, 'Iron Man (Tony Stark)', '1319760152.jpg', 'http://marvel.com/universe/Iron_Man', 0, NULL),
(5, 'Thor', '1319760240.jpg', 'http://marvel.com/universe/Thor', 0, NULL),
(6, 'Hulk (Bruce Banner, Annihilator, Captain Universe, Joe Fixit, Mr. Fixit, Mechano, Professor, War, Bruce Bancroft, David Banner, David Bixby, Bob Danner, Bruce Jones, Bruce Roberts, David Blaine, the Green Scar, Green Goliath, Jade Giant, Bob, World-breake', '1319760449.gif', 'http://marvel.com/universe/Hulk_(Bruce_Banner)', 0, '[{"fb_id":"737699300","time":1370957742}]'),
(9, 'Wolverine (James Howlett)', '1319807097.jpg', 'http://marvel.com/universe/Wolverine_(James_Howlett)', 0, NULL),
(10, 'Mister M (Absolom Zebardyn Mercator)', '1320063236.jpg', 'http://marvel.wikia.com/Absolon_Mercator_(Earth-616)', 0, NULL),
(11, 'Johnny Dee', '1320063287.jpg', 'http://marvel.wikia.com/Johnny_Dee_(Earth-616)', 0, NULL),
(12, 'Lorelei Travis', '1320063959.jpg', 'http://marvel.wikia.com/Lorelei_Travis_(Earth-616)', 0, NULL),
(13, 'Toad (Mortimer Toynbee)', '1320064048.png', 'http://marvel.wikia.com/Mortimer_Toynbee_(Earth-616)', 0, NULL),
(14, 'Erg', '1320064214.jpg', 'http://marvel.wikia.com/Erg_(Earth-616)', 0, NULL),
(15, 'Magma (Amara Aquilla)', '1321350376.jpg', 'http://marvel.wikia.com/Amara_Aquilla_(Earth-616)', 0, '[{"fb_id":"737699300","time":1321350376}]'),
(16, 'Leech', '1320064568.jpg', 'http://marvel.wikia.com/Leech_(Earth-616)', 0, NULL),
(17, 'Jazz (John Arthur Zander)', '1320343130.jpg', 'http://marvel.com/universe/Jazz', 0, NULL),
(18, 'Red Skull (George Maxon)', '1320646519.png', 'http://en.wikipedia.org/wiki/Red_Skull', 0, '[{"fb_id":"737699300","time":1320646519}]'),
(19, 'Bucky - Captain America (James Barnes)', '1320560067.gif', 'http://marvel.wikia.com/James_Buchanan_Barnes_(Earth-616)', 0, NULL),
(20, 'Valerie Cooper', '1320716215.jpg', 'http://marvel.wikia.com/Valerie_Cooper_(Earth-616)', 0, NULL),
(21, 'General Lazer', '1320716307.jpg', 'http://marvel.wikia.com/General_Lazer', 0, NULL),
(22, 'Colonel Reyes', '1320716407.jpg', 'http://marvel.wikia.com/Miguel_Reyes_(Earth-616)', 0, NULL),
(23, 'Emma Frost', '1320718169.jpg', 'http://marvel.com/universe/Frost,_Emma', 0, NULL),
(24, 'Rick Jones', '1321180973.jpg', 'http://en.wikipedia.org/wiki/Rick_Jones_(comics)', 0, NULL),
(27, 'Baron Heinrich Zemo', '1321181176.gif', 'http://en.wikipedia.org/wiki/Baron_Zemo#Baron_Helmut_Zemo', 0, NULL),
(28, 'Enchantress', '1323604291.jpg', 'http://en.wikipedia.org/wiki/Enchantress_(Marvel_Comics)', 0, '[{"fb_id":"737699300","time":1323604291}]'),
(29, 'Odin (The All-Father)', '1321190178.jpg', 'http://marvel.com/universe/Odin', 0, NULL),
(30, 'Executioner (Skurge)', '1321190426.jpg', 'http://en.wikipedia.org/wiki/Executioner_(comics)', 0, '[{"fb_id":"737699300","time":1323424435}]'),
(31, 'Shadowcat (Kitty Pryde)', '1321440186.jpg', 'http://marvel.com/universe/Pryde,_Kitty', 0, NULL),
(32, 'Professor X (Charles Xavier)', '1321440382.jpg', 'http://marvel.com/universe/Professor_X', 0, NULL),
(33, 'Cyclops (Scott Summers)', '1369058534.jpg', 'http://marvel.wikia.com/Cyclops', 0, '[{"fb_id":"737699300","time":1369058534}]'),
(34, 'Colossus (Piotr Rasputin)', '1321442528.jpg', 'http://marvel.wikia.com/Piotr_Rasputin_(Earth-616)', 0, NULL),
(35, 'Beast (Henry McCoy)', '1321442640.jpg', 'http://marvel.com/universe/Beast_(Henry_McCoy)', 0, NULL),
(36, 'Ord', '1321442725.jpg', 'http://marvel.com/universe/Ord', 0, NULL),
(37, 'Kavita Rao', '1321442844.jpg', 'http://marvel.wikia.com/Kavita_Rao_(Earth-616)', 0, NULL),
(38, 'Layla Miller', '1321444361.jpg', 'http://marvel.wikia.com/Layla_Miller_(Earth-616)', 0, NULL),
(39, 'Shatterstar', '1321445678.jpg', 'http://en.wikipedia.org/wiki/Shatterstar', 0, NULL),
(40, 'M (Monet St. Croix)', '1321445767.jpg', 'http://marvel.com/universe/M_(Monet_St._Croix)', 0, NULL),
(41, 'Strong Guy (Guido Carosella)', '1321446443.jpg', 'http://marvel.com/universe/Strong_Guy', 0, NULL),
(42, 'Siryn (Theresa Rourke Cassidy)', '1321555866.jpg', 'http://en.wikipedia.org/wiki/Siryn', 0, NULL),
(43, 'Multiple Man (Jamie Madrox)', '1321560822.png', 'http://marvel.com/universe/Multiple_Man', 0, NULL),
(44, 'William Stryker', '1322003670.png', 'http://en.wikipedia.org/wiki/William_Stryker', 0, NULL),
(45, 'Wither (Kevin Ford)', '1322004253.png', 'http://en.wikipedia.org/wiki/Wither_(comics)', 0, NULL),
(46, 'Specter (Dallas Gibson)', '1322004575.jpg', 'http://marvel.wikia.com/Dallas_Gibson_(Earth-616)', 0, NULL),
(47, 'The Three-In-One (Stepford Cuckoos)', '1322005253.jpg', 'http://en.wikipedia.org/wiki/Stepford_Cuckoos', 0, NULL),
(48, 'Icarus (Joshua ''Jay'' Guthrie)', '1322005647.jpg', 'http://marvel.com/universe/Icarus_(Jay_Guthrie)', 0, NULL),
(49, 'Wallflower (Laurie Collins)', '1322006047.jpg', 'http://marvel.com/universe/Wallflower', 0, NULL),
(50, 'Wind Dancer (Sofia Mantega)', '1322006364.jpg', 'http://marvel.wikia.com/Sofia_Mantega_(Earth-616)', 0, NULL),
(51, 'Aero (Melody Guthrie)', '1322007026.jpg', 'http://marvel.wikia.com/Melody_Guthrie_(Earth-616)', 0, NULL),
(52, 'Elixir (Josh Foley)', '1322007572.jpg', 'http://marvel.com/universe/Elixir', 0, NULL),
(53, 'Prodigy (David Alleyne)', '1322007982.jpg', 'http://marvel.com/universe/Prodigy_(David_Alleyne)', 0, NULL),
(54, 'Hellion (Julian Keller)', '1322008561.jpg', 'http://en.wikipedia.org/wiki/Hellion#Second_Coming', 0, NULL),
(55, 'Tag (Brian Cruz)', '1322008629.jpg', 'http://marvel.wikia.com/Brian_Cruz_(Earth-616)', 0, NULL),
(56, 'Surge (Noriko Ashida)', '1322053621.jpg', 'http://marvel.com/universe/Surge_(Noriko_Ashida)', 0, NULL),
(57, 'Dust (Sooraya Qadir)', '1322053847.jpg', 'http://marvel.com/universe/Dust', 0, NULL),
(58, 'Mercury (Cessily Kincaid)', '1322054650.jpg', 'http://marvel.wikia.com/Cessily_Kincaid_(Earth-616)', 0, NULL),
(59, 'Rockslide (Santo Vaccarro)', '1322055483.jpg', 'http://marvel.com/universe/Rockslide', 0, NULL),
(60, 'Mirage (Danielle Moonstar)', '1322055597.jpg', 'http://en.wikipedia.org/wiki/Danielle_Moonstar', 0, NULL),
(61, 'X-23 (Laura Kinney)', '1322055691.jpg', 'http://marvel.com/universe/X-23', 0, NULL),
(62, 'Spiderman (Peter Parker)', '1322853160.jpg', 'http://marvel.com/universe/Spider-Man_(Peter_Parker)', 0, NULL),
(63, 'Spider-Woman (Jessica Drew)', '1322853481.jpg', 'http://marvel.com/universe/Spider-Woman_(Jessica_Drew)', 0, NULL),
(64, 'Luke Cage', '1322853616.jpg', 'http://marvel.com/universe/Cage,_Luke', 0, NULL),
(65, 'Matt Murdock', '1322853885.jpg', 'http://en.wikipedia.org/wiki/Daredevil_(Marvel_Comics)', 0, NULL),
(66, 'Foggy Nelson', '1322853965.jpg', 'http://en.wikipedia.org/wiki/Foggy_Nelson', 0, NULL),
(67, 'Sentry (Robert Reynolds)', '1323333254.jpg', 'http://marvel.com/universe/Sentry_(Robert_Reynolds)', 0, NULL),
(68, 'Maria Hill', '1323703506.jpg', 'http://en.wikipedia.org/wiki/Maria_Hill', 0, NULL),
(69, 'Electro (Max Dillon)', '1323704017.jpg', 'http://en.wikipedia.org/wiki/Electro_(Marvel_Comics)', 0, NULL),
(77, 'Teen Brigade', '1366896785.jpg', 'http://marvel.wikia.com/Teen_Brigade_(Earth-616)', 737699300, NULL),
(79, 'The Wasp (Janet Van Dyne)', '1367877724.jpg', 'http://marvel.com/universe/Wasp', 737699300, NULL),
(80, 'Ant-Man, Giant-Man, Goliath, Yellowjacket, Wasp (Hank Pym)', '1367878681.jpg', 'http://marvel.com/universe/Wasp_(Henry_Pym)', 737699300, NULL),
(81, 'Wonder Man (Simon Williams)', '1367879387.jpg', 'http://marvel.com/universe/Wonder_Man_(Simon_Williams)', 737699300, NULL),
(82, 'Kang the Conqueror (Nathaniel Richards)', '1367879684.jpg', 'http://marvel.com/universe/Kang', 737699300, NULL),
(86, 'Deadpool (Wade Wilson)', '1367953339.jpg', 'http://marvel.com/universe/Deadpool', 737699300, NULL),
(87, 'Loki', '1370903788.jpg', 'http://marvel.com/universe/Loki', 737699300, NULL),
(88, 'Jane Foster', '1370904328.jpg', 'http://marvel.com/universe/Jane_Foster', 737699300, NULL),
(89, 'Reed Richards', '1370904430.jpg', 'http://marvel.wikia.com/Reed_Richards_(Earth-616)', 737699300, NULL),
(90, 'Susan Storm (Susan Richards,Baroness Von Doom, Stormy Sue, Malice, Mistress of Hate, Susan Benjamin, Invisible Girl, Mrs.Fantastic, Invisible Woman)', '1370904569.jpg', 'http://marvel.com/universe/Invisible_Woman', 737699300, NULL),
(91, 'Johnny Storm (Matchstick Johnny, Doug Brown)', '1370904705.jpg', 'http://marvel.com/universe/Human_Torch_(Johnny_Storm)', 737699300, NULL),
(92, 'Benjamin Grimm (Bashful Benjy, Uncle Benjy, The Ever-Lovin'' Blue-Eyed Thing, Idol of Millions (self-proclaimed), Grim Ben, Dr. Josiah Verpoorteen, Blackbeard the Pirate)', '1370904968.jpg', 'http://marvel.com/universe/Thing_(Benjamin_Grimm)', 737699300, NULL),
(93, 'Immortus', '1371485053.jpg', 'http://marvel.com/universe/Immortus', 737699300, NULL),
(94, 'Mole Man (Harvey Rupert Elder)', '1372011293.jpg', 'http://marvel.com/universe/Mole_Man', 737699300, NULL),
(95, 'Red Ghost (Ivan Kragoff)', '1372049490.jpg', 'http://marvel.com/universe/Red_Ghost', 737699300, NULL);

-- --------------------------------------------------------

--
-- Table structure for table `mu_character_events`
--

CREATE TABLE IF NOT EXISTS `mu_character_events` (
  `id` int(11) NOT NULL AUTO_INCREMENT,
  `event_id` int(11) NOT NULL,
  `character_id` int(11) NOT NULL,
  `status` varchar(255) DEFAULT NULL,
  PRIMARY KEY (`id`)
) ENGINE=MyISAM  DEFAULT CHARSET=utf8 AUTO_INCREMENT=265 ;

--
-- Dumping data for table `mu_character_events`
--

INSERT INTO `mu_character_events` (`id`, `event_id`, `character_id`, `status`) VALUES
(1, 65, 11, NULL),
(2, 65, 23, NULL),
(3, 64, 10, NULL),
(4, 68, 61, NULL),
(5, 68, 23, NULL),
(6, 68, 51, NULL),
(7, 68, 45, NULL),
(8, 68, 47, NULL),
(9, 68, 48, NULL),
(10, 68, 49, NULL),
(11, 68, 35, NULL),
(12, 68, 9, NULL),
(13, 68, 52, NULL),
(14, 68, 58, NULL),
(15, 68, 59, NULL),
(16, 68, 60, NULL),
(17, 68, 33, NULL),
(18, 68, 53, NULL),
(19, 68, 46, NULL),
(20, 68, 50, NULL),
(21, 68, 54, NULL),
(22, 68, 55, NULL),
(23, 68, 57, NULL),
(24, 68, 56, NULL),
(25, 67, 63, NULL),
(26, 63, 10, NULL),
(27, 69, 19, NULL),
(28, 78, 69, NULL),
(29, 78, 64, NULL),
(30, 78, 63, NULL),
(31, 79, 63, NULL),
(32, 86, 45, NULL),
(33, 90, 33, NULL),
(34, 95, 23, NULL),
(52, 104, 52, NULL),
(53, 104, 33, NULL),
(130, 120, 9, NULL),
(56, 121, 23, NULL),
(57, 122, 23, NULL),
(58, 123, 23, NULL),
(136, 139, 9, NULL),
(135, 139, 31, NULL),
(134, 139, 23, NULL),
(133, 139, 33, NULL),
(132, 139, 34, NULL),
(131, 139, 35, NULL),
(101, 52, 38, NULL),
(102, 52, 40, NULL),
(103, 52, 43, NULL),
(104, 52, 39, NULL),
(105, 52, 42, NULL),
(106, 52, 41, NULL),
(129, 120, 23, NULL),
(128, 120, 33, NULL),
(137, 141, 35, NULL),
(138, 141, 34, NULL),
(139, 141, 33, NULL),
(140, 141, 23, NULL),
(141, 141, 36, NULL),
(142, 141, 31, NULL),
(143, 141, 9, NULL),
(144, 142, 35, NULL),
(145, 142, 34, NULL),
(146, 142, 33, NULL),
(147, 142, 23, NULL),
(148, 142, 36, NULL),
(149, 142, 31, NULL),
(150, 142, 9, NULL),
(151, 143, 35, NULL),
(152, 143, 34, NULL),
(153, 143, 33, NULL),
(154, 143, 23, NULL),
(155, 143, 36, NULL),
(156, 143, 9, NULL),
(157, 144, 35, NULL),
(158, 144, 34, NULL),
(159, 144, 33, NULL),
(160, 144, 23, NULL),
(161, 144, 36, NULL),
(162, 144, 31, NULL),
(163, 144, 9, NULL),
(166, 164, 5, NULL),
(167, 164, 4, NULL),
(168, 164, 3, NULL),
(169, 164, 24, NULL),
(170, 164, 77, NULL),
(226, 70, 24, NULL),
(227, 70, 77, NULL),
(214, 72, 6, NULL),
(209, 70, 5, NULL),
(208, 166, 81, NULL),
(177, 166, 27, NULL),
(222, 70, 90, NULL),
(219, 69, 3, NULL),
(216, 72, 5, NULL),
(210, 70, 4, NULL),
(183, 166, 3, NULL),
(221, 70, 89, NULL),
(220, 69, 18, NULL),
(186, 166, 4, NULL),
(215, 72, 4, NULL),
(212, 70, 79, NULL),
(211, 70, 80, NULL),
(191, 166, 80, NULL),
(224, 70, 92, NULL),
(230, 77, 80, NULL),
(223, 70, 91, NULL),
(197, 166, 28, NULL),
(218, 72, 79, NULL),
(199, 166, 30, NULL),
(229, 77, 4, NULL),
(228, 77, 5, NULL),
(217, 72, 80, NULL),
(203, 166, 77, NULL),
(204, 166, 79, NULL),
(213, 70, 6, NULL),
(206, 166, 5, NULL),
(225, 70, 29, NULL),
(231, 77, 79, NULL),
(232, 77, 6, NULL),
(233, 167, 5, NULL),
(234, 167, 4, NULL),
(235, 167, 3, NULL),
(236, 167, 80, NULL),
(237, 167, 79, NULL),
(238, 167, 93, NULL),
(239, 167, 30, NULL),
(240, 167, 28, NULL),
(241, 167, 27, NULL),
(242, 167, 24, NULL),
(243, 167, 77, NULL),
(244, 168, 80, NULL),
(245, 168, 5, NULL),
(246, 168, 79, NULL),
(247, 168, 62, NULL),
(248, 168, 4, NULL),
(249, 168, 82, NULL),
(250, 169, 80, NULL),
(251, 169, 79, NULL),
(252, 169, 5, NULL),
(253, 169, 3, NULL),
(254, 169, 4, NULL),
(255, 169, 24, NULL),
(256, 169, 94, NULL),
(257, 169, 95, NULL),
(258, 170, 5, NULL),
(259, 170, 4, NULL),
(260, 170, 80, NULL),
(261, 170, 79, NULL),
(262, 170, 24, NULL),
(263, 170, 77, NULL),
(264, 170, 89, NULL);

-- --------------------------------------------------------

--
-- Table structure for table `mu_comic`
--

CREATE TABLE IF NOT EXISTS `mu_comic` (
  `id` int(11) NOT NULL AUTO_INCREMENT,
  `title` varchar(255) NOT NULL,
  `image` varchar(255) DEFAULT NULL,
  `strip` longtext,
  `added_by` bigint(20) NOT NULL,
  `edited_by` longtext,
  PRIMARY KEY (`id`)
) ENGINE=MyISAM  DEFAULT CHARSET=utf8 AUTO_INCREMENT=26 ;

--
-- Dumping data for table `mu_comic`
--

INSERT INTO `mu_comic` (`id`, `title`, `image`, `strip`, `added_by`, `edited_by`) VALUES
(1, 'Avengers', '1369128280.jpg', 'avengers.png', 0, '[{"fb_id":"737699300","time":1369128281}]'),
(6, 'X-Factor', '1320014554.jpg', NULL, 0, NULL),
(8, 'Astonishing X-Men', '1369072740.jpg', NULL, 0, '[{"fb_id":"737699300","time":1369072740}]'),
(9, 'X-Men - The 198', '1320062984.jpg', NULL, 0, NULL),
(12, 'Captain America', '1369071860.jpg', 'captain_america.png', 0, '[{"fb_id":"737699300","time":1369072473}]'),
(13, 'New X-Men', '1321994058.jpg', NULL, 737699300, NULL),
(14, 'The New Avengers', '1322853019.jpg', NULL, 737699300, NULL),
(22, 'Deadpool', '1369835909.jpg', NULL, 737699300, '[{"fb_id":"737699300","time":1369835909}]');

-- --------------------------------------------------------

--
-- Table structure for table `mu_config`
--

CREATE TABLE IF NOT EXISTS `mu_config` (
  `name` varchar(255) NOT NULL,
  `value` longtext NOT NULL,
  `restricted` tinyint(1) NOT NULL DEFAULT '0',
  PRIMARY KEY (`name`)
) ENGINE=MyISAM DEFAULT CHARSET=utf8;

--
-- Dumping data for table `mu_config`
--

INSERT INTO `mu_config` (`name`, `value`, `restricted`) VALUES
('fb_page_access_token', 'CAACJdrJdZCFMBALJVCfEEbdCZCPeZA5xZCEZBRTFBIi5XMyRZCZAMugnUe5nWGQ0Lq3DqdLia07fRUopJHYG47cjmqXWJBmlVBO1roQ4B1ZC3lVwYZAky79ZAbeEr8fhFSCk3f3IY8dZCm8r7QQWKijZBbH6kD4ZCelI4aAemZCnrZAl3zAxYCJDZBVx9ouQ3pO2F58NR4MZD', 1),
('fb_page_id', '320015704681091', 0),
('fb_latest_update', '1340201647', 0);

-- --------------------------------------------------------

--
-- Table structure for table `mu_event`
--

CREATE TABLE IF NOT EXISTS `mu_event` (
  `id` int(11) NOT NULL AUTO_INCREMENT,
  `issue_number` int(11) NOT NULL,
  `year_published` int(11) NOT NULL,
  `month_published` int(11) NOT NULL,
  `day_published` int(11) NOT NULL,
  `comic` int(11) NOT NULL,
  `image` varchar(255) DEFAULT NULL,
  `summary` longtext NOT NULL,
  `arc_id` int(11) DEFAULT NULL,
  `previous_event_id` int(11) DEFAULT NULL,
  `next_event_id` int(11) DEFAULT NULL,
  `added_by` bigint(20) NOT NULL,
  `edited_by` longtext,
  `reported_count` int(11) NOT NULL DEFAULT '0',
  `report_history` longtext NOT NULL,
  `status` varchar(255) DEFAULT NULL,
  `date_added` timestamp NOT NULL DEFAULT CURRENT_TIMESTAMP,
  PRIMARY KEY (`id`)
) ENGINE=MyISAM  DEFAULT CHARSET=utf8 AUTO_INCREMENT=171 ;

--
-- Dumping data for table `mu_event`
--

INSERT INTO `mu_event` (`id`, `issue_number`, `year_published`, `month_published`, `day_published`, `comic`, `image`, `summary`, `arc_id`, `previous_event_id`, `next_event_id`, `added_by`, `edited_by`, `reported_count`, `report_history`, `status`, `date_added`) VALUES
(77, 2, 1963, 11, 10, 1, '1327852044.jpg', '<p>The Avengers are infiltrated by the Space Phantom who can assume the identity of anyone and send the victim to temporary dimension.</p>', NULL, NULL, NULL, 737699300, 'Array', 0, '', 'published', '2012-06-16 13:00:00'),
(168, 11, 1964, 12, 10, 1, '1371766494.jpg', '<p>The Avengers call a meeting to discuss Iron Man''s absence in the wake of Tony Stark''s apparent murder in Tales of Suspense #61. &nbsp;They vote to give Iron Man a temporary leave of absence.</p>\r\n<p>They are unaware that their meeting was being watched by Kang through advanced monitoring technology.</p>\r\n<p>Kang determines that the Masters of Evil came closest to defeating the Avengers when they created Wonderman but they didn''t take into account Wonderman turning against them. &nbsp;Kang intends to improve on the Masters of Evil by creating a robot, he bases it on Spiderman by studying tapes of him.</p>\r\n<p>Kang sends his robotic spiderman to intercept Captain America and rescue him from a group of hoodlums that Kang himself set upon the Avenger. &nbsp;The robotic spiderman asks to join the Avengers but Captain America says he will have to take his request to the others.</p>\r\n<p>The others are untrusting of the robotic spiderman, but he taunts them with possible knowledged of Iron Man''s location. &nbsp;He tricks the Avengers into believing Iron Man was taken by the Masters of Evil. &nbsp;The Avengers scramble and each make their own way to the Temple of Tirod in Mexico where the robotic spierman claims he heard Zemo say he was taking Iron Man.</p>\r\n<p>Ant Man and The Wasp arrive at the temple only to be ambushed by the robotic Spiderman who was transported there by Kang. &nbsp;Although they put up a good fight they are soon outmatched, they are joined by Thor just before they are overcome but even with his help they are defeated.</p>\r\n<p>Captain America arrives at the temple soon after, robotic Spiderman pushes a large stone block on top of him but Captain America is able to dodge. &nbsp;He too is soon defeated though.</p>\r\n<p>The real Spiderman suddenly arrives on the scene and engages the robotic spiderman. &nbsp;Although they are fairly evenly matched the real Spiderman is eventually able to defeat the imposter.</p>\r\n<p>Spiderman leaves the area allowing the Avengers to free themselves, he is unaware that Captain America witnessed his fight.</p>\r\n<p>The reassmbled Avengers are able to deduce that the fake Spiderman is likely the work of Kang but with thousands of years separating them there is little they can do.</p>', NULL, NULL, NULL, 737699300, 'Array', 0, '', 'published', '2013-06-20 15:14:55'),
(65, 5, 2006, 5, 10, 9, '1327530325.jpg', 'When Mister M, at the prompting of Lorelei seems inclined listen to Cyclops pleas for them to return peacefully, Johnny Dee, despite not being present, seems to know this through the people he is controlling.<br /><br />\r\n<br /><br />\r\nEmma realises that certain mutant''s minds are ''elsewhere'' and they are not in control of themselves, specifically Fever Pitch.<br /><br />\r\nA fight ensues which is noticed by the Sentinels and O*N*E personnell at the Institute. Valerie Cooper concedes to Colonel Reyes and allows the Sentinels to be sent in.<br /><br />\r\n<br /><br />\r\nEmma attempts to get into Mister M''s mind and calm him but he manages to stop her and disorient her.<br /><br />\r\nMister M stops the Sentinels when Lorelei pleads with him, Val orders the remaining Sentinels in along with mobilzation of all ground troops.<br /><br />\r\n<br /><br />\r\nJohnny Dee offers to kill Mister M as an act of loyalty to his country.<br /><br />\r\n<br /><br />\r\nGreycrow gets the drop on Beast and has him at gunpoint.  He orders Cyclops to withdraw or he will kill Beast.  Lorelei tries to stop him but Greycrow strikes her enraging Mister M as he shields her.<br /><br />\r\n<br /><br />\r\nJohnny Dee makes Leech de-power him and then causes Magma to kill him.<br /><br />\r\n<br /><br />\r\nMagma believes that Empath was the cause of her actions and that he was in her head.<br /><br />\r\n<br /><br />\r\nGeneral Lazer visits Johnny Dee and asks what he wants, Johnny tells him he will let him know when he decides and that for now he should just be considered a patriot.  Johnny Dee goes to shake Lazer''s hand but the General declines as if he knows about his power.<br /><br />\r\n<br /><br />\r\nAs Lorelei and Leech hold vigil over Mister M''s casket they realise his body is gone.  They recall his words that "Sthings don''t die, they evolve", Lorelei and Leech are seen surrounded by butterflies.', NULL, NULL, NULL, 737699300, '{"1327530325":{"comic":"9","issue_number":"5","year_published":"2006","month_published":"5","day_published":"10","image":"1327530325.jpg","comic_summary":"When Mister M, at the prompting of Lorelei seems inclined listen to Cyclops pleas for them to return peacefully, Johnny Dee, despite not being present, seems to know this through the people he is controlling.\\r\\n\\r\\nEmma realises that certain mutant''s minds are ''elsewhere'' and they are not in control of themselves, specifically Fever Pitch.\\r\\nA fight ensues which is noticed by the Sentinels and O*N*E personnell at the Institute. Valerie Cooper concedes to Colonel Reyes and allows the Sentinels to be sent in.\\r\\n\\r\\nEmma attempts to get into Mister M''s mind and calm him but he manages to stop her and disorient her.\\r\\nMister M stops the Sentinels when Lorelei pleads with him, Val orders the remaining Sentinels in along with mobilzation of all ground troops.\\r\\n\\r\\nJohnny Dee offers to kill Mister M as an act of loyalty to his country.\\r\\n\\r\\nGreycrow gets the drop on Beast and has him at gunpoint.  He orders Cyclops to withdraw or he will kill Beast.  Lorelei tries to stop him but Greycrow strikes her enraging Mister M as he shields her.\\r\\n\\r\\nJohnny Dee makes Leech de-power him and then causes Magma to kill him.\\r\\n\\r\\nMagma believes that Empath was the cause of her actions and that he was in her head.\\r\\n\\r\\nGeneral Lazer visits Johnny Dee and asks what he wants, Johnny tells him he will let him know when he decides and that for now he should just be considered a patriot.  Johnny Dee goes to shake Lazer''s hand but the General declines as if he knows about his power.\\r\\n\\r\\nAs Lorelei and Leech hold vigil over Mister M''s casket they realise his body is gone.  They recall his words that \\"Sthings don''t die, they evolve\\", Lorelei and Leech are seen surrounded by butterflies.","arc_events":false,"characters":["23","11"],"character_events":["Emma is aware that something is wrong with some of the mutants as their minds appear to be ''elsewhere'' as she describes it.\\r\\nIn order to end the fighting she tries to enter Mister M''s mind but she is ejected and she becomes weakened and disorientated.","Johnny Dee shows that he can see and hear what is happening with the people he is controlling when he starts the fight because it seems that Mister M is going to listen to Cyclops.\\r\\nDuring the fight he approaches the O*N*E and offers to kill Mister M.  Which he does by manipulating the people he is controlling.\\r\\n\\r\\nWhen General Lazer visits him later and asks what he wants, Johnny replies that he will let him know when he decides.\\r\\n\\r\\nGeneral Lazer ignores his hand when he holds it out to shake."],"arc_id":false,"previous_event_id":false,"next_event_id":false},"1327948628_100002077828287":{"comic":"9","issue_number":"5","year_published":"2006","month_published":"5","day_published":"10","image":"1327530325.jpg","summary":"When Mister M, at the prompting of Lorelei seems inclined listen to Cyclops pleas for them to return peacefully, Johnny Dee, despite not being present, seems to know this through the people he is controlling.\\r\\n\\r\\nEmma realises that certain mutant''s minds are ''elsewhere'' and they are not in control of themselves, specifically Fever Pitch.\\r\\nA fight ensues which is noticed by the Sentinels and O*N*E personnell at the Institute. Valerie Cooper concedes to Colonel Reyes and allows the Sentinels to be sent in.\\r\\n\\r\\nEmma attempts to get into Mister M''s mind and calm him but he manages to stop her and disorient her.\\r\\nMister M stops the Sentinels when Lorelei pleads with him, Val orders the remaining Sentinels in along with mobilzation of all ground troops.\\r\\n\\r\\nJohnny Dee offers to kill Mister M as an act of loyalty to his country.\\r\\n\\r\\nGreycrow gets the drop on Beast and has him at gunpoint.  He orders Cyclops to withdraw or he will kill Beast.  Lorelei tries to stop him but Greycrow strikes her enraging Mister M as he shields her.\\r\\n\\r\\nJohnny Dee makes Leech de-power him and then causes Magma to kill him.\\r\\n\\r\\nMagma believes that Empath was the cause of her actions and that he was in her head.\\r\\n\\r\\nGeneral Lazer visits Johnny Dee and asks what he wants, Johnny tells him he will let him know when he decides and that for now he should just be considered a patriot.  Johnny Dee goes to shake Lazer''s hand but the General declines as if he knows about his power.\\r\\n\\r\\nAs Lorelei and Leech hold vigil over Mister M''s casket they realise his body is gone.  They recall his words that \\"Sthings don''t die, they evolve\\", Lorelei and Leech are seen surrounded by butterflies.","arc_events":[""],"arc_id":null,"previous_event_id":null,"next_event_id":null,"character_events":{"11":"Johnny Dee shows that he can see and hear what is happening with the people he is controlling when he starts the fight because it seems that Mister M is going to listen to Cyclops.<br \\/>\\r\\nDuring the fight he approaches the O*N*E and offers to kill Mister M.  Which he does by manipulating the people he is controlling.<br \\/>\\r\\n<br \\/>\\r\\nWhen General Lazer visits him later and asks what he wants, Johnny replies that he will let him know when he decides.<br \\/>\\r\\n<br \\/>\\r\\nGeneral Lazer ignores his hand when he holds it out to shake.","23":"Emma is aware that something is wrong with some of the mutants as their minds appear to be ''elsewhere'' as she describes it.\\\\r\\\\nIn order to end the fighting she tries to enter Mister M''s mind but she is ejected and she becomes weakened and disorientated."}}}', 0, '', 'published', '2012-06-16 13:00:00'),
(64, 4, 2006, 4, 12, 9, '1327530203.jpg', 'Val Cooper claims she didn''t know that the tags also had the ability to ''shock'' the wearer.  Kitty Pryde vehemently doubts that.  We find that she was not lying when she is seen complaning to General Lazer about the fact that she was not told.<br /><br />\r\nHank McCoy confirms that the tags did not kill Jazz.<br /><br />\r\nVal tells the General that she is losing what little trust the mutants had in her.  General Lazer does not appear to care and seems to welcome the idea of ''controlling'' them.<br /><br />\r\nWhen Erg attempts to defy and attack Colonel Reyes when he orders them to disperse General Lazer orders that Erg be shocked.<br /><br />\r\nWhen they realise they can''t remove the tags themselves because they are bonded to the bone, Mister M uses his powers to remove them to the annoyance of General Lazer.<br /><br />\r\nMister M then leads an exodus from the Institute through the walls as the gates are blockaded by Sentinels and O*N*E personnel.<br /><br />\r\nAfter flushing the miniature Jazz down the toilet, Johnny Dee encounters Leech whom he manages to sneak some DNA off of.<br /><br />\r\nVal allows Cyclops an opportunity to try and talk the mutants back into the compound but Erg attacks Cyclops.  Emma finds she cannot control Erg as his mind appears to be ''elsewhere'', when Cyclops retaliates against Erg, Mister M shields him declaring "No one will harm my people!"', NULL, NULL, NULL, 737699300, '{"1327530203":{"comic":"9","issue_number":"4","year_published":"2006","month_published":"4","day_published":"12","image":"1327530203.jpg","comic_summary":"Val Cooper claims she didn''t know that the tags also had the ability to ''shock'' the wearer.  Kitty Pryde vehemently doubts that.  We find that she was not lying when she is seen complaning to General Lazer about the fact that she was not told.\\r\\nHank McCoy confirms that the tags did not kill Jazz.\\r\\nVal tells the General that she is losing what little trust the mutants had in her.  General Lazer does not appear to care and seems to welcome the idea of ''controlling'' them.\\r\\nWhen Erg attempts to defy and attack Colonel Reyes when he orders them to disperse General Lazer orders that Erg be shocked.\\r\\nWhen they realise they can''t remove the tags themselves because they are bonded to the bone, Mister M uses his powers to remove them to the annoyance of General Lazer.\\r\\nMister M then leads an exodus from the Institute through the walls as the gates are blockaded by Sentinels and O*N*E personnel.\\r\\nAfter flushing the miniature Jazz down the toilet, Johnny Dee encounters Leech whom he manages to sneak some DNA off of.\\r\\nVal allows Cyclops an opportunity to try and talk the mutants back into the compound but Erg attacks Cyclops.  Emma finds she cannot control Erg as his mind appears to be ''elsewhere'', when Cyclops retaliates against Erg, Mister M shields him declaring \\"No one will harm my people!\\"","arc_events":false,"characters":["14","11","10"],"character_events":["Erg attempts to lead a revolt, when Colonel Reyes points a gun at him he goes to attack but General Lazer orders the tag to be activated, shocking him.\\r\\nHis chip is removed by Mister M.\\r\\nWhilst Cyclops is attempting to reason with the mutants Erg attacks him.\\r\\n","After disposing of the miniature Jazz, he manages to aquire DNA from Leech.Whilst Mister M is leading the exodus, Johnny seems to be able to perform limited communication with the creature in his chest.","Mister M safely removed the tags successfully diffusing the tense standoff between the mutants and O*N*E.\\r\\n\\r\\nAt the prompting of Lorelei he leads an exodus from the compound whilst creating an exit in the walls.  He then walks on water and enables the others to do likewise.\\r\\n\\r\\nWhen Cyclops retaliates against Erg''s attack he shields Erg and claims the mutants as his people."],"arc_id":false,"previous_event_id":false,"next_event_id":false},"1327958065_100002077828287":{"comic":"9","issue_number":"4","year_published":"2006","month_published":"4","day_published":"12","image":"1327530203.jpg","summary":"Val Cooper claims she didn''t know that the tags also had the ability to ''shock'' the wearer.  Kitty Pryde vehemently doubts that.  We find that she was not lying when she is seen complaning to General Lazer about the fact that she was not told.\\r\\nHank McCoy confirms that the tags did not kill Jazz.\\r\\nVal tells the General that she is losing what little trust the mutants had in her.  General Lazer does not appear to care and seems to welcome the idea of ''controlling'' them.\\r\\nWhen Erg attempts to defy and attack Colonel Reyes when he orders them to disperse General Lazer orders that Erg be shocked.\\r\\nWhen they realise they can''t remove the tags themselves because they are bonded to the bone, Mister M uses his powers to remove them to the annoyance of General Lazer.\\r\\nMister M then leads an exodus from the Institute through the walls as the gates are blockaded by Sentinels and O*N*E personnel.\\r\\nAfter flushing the miniature Jazz down the toilet, Johnny Dee encounters Leech whom he manages to sneak some DNA off of.\\r\\nVal allows Cyclops an opportunity to try and talk the mutants back into the compound but Erg attacks Cyclops.  Emma finds she cannot control Erg as his mind appears to be ''elsewhere'', when Cyclops retaliates against Erg, Mister M shields him declaring \\"No one will harm my people!\\"","arc_events":[""],"arc_id":null,"previous_event_id":null,"next_event_id":null,"character_events":{"10":"Mister M safely removed the tags successfully diffusing the tense standoff between the mutants and O*N*E.<br \\/>\\r\\n<br \\/>\\r\\nAt the prompting of Lorelei he leads an exodus from the compound whilst creating an exit in the walls.  He then walks on water and enables the others to do likewise.<br \\/>\\r\\n<br \\/>\\r\\nWhen Cyclops retaliates against Erg''s attack he shields Erg and claims the mutants as his people."}},"1327958110_100002077828287":{"comic":"9","issue_number":"4","year_published":"2006","month_published":"4","day_published":"12","image":"1327530203.jpg","summary":"Val Cooper claims she didn''t know that the tags also had the ability to ''shock'' the wearer.  Kitty Pryde vehemently doubts that.  We find that she was not lying when she is seen complaning to General Lazer about the fact that she was not told.\\r\\nHank McCoy confirms that the tags did not kill Jazz.\\r\\nVal tells the General that she is losing what little trust the mutants had in her.  General Lazer does not appear to care and seems to welcome the idea of ''controlling'' them.\\r\\nWhen Erg attempts to defy and attack Colonel Reyes when he orders them to disperse General Lazer orders that Erg be shocked.\\r\\nWhen they realise they can''t remove the tags themselves because they are bonded to the bone, Mister M uses his powers to remove them to the annoyance of General Lazer.\\r\\nMister M then leads an exodus from the Institute through the walls as the gates are blockaded by Sentinels and O*N*E personnel.\\r\\nAfter flushing the miniature Jazz down the toilet, Johnny Dee encounters Leech whom he manages to sneak some DNA off of.\\r\\nVal allows Cyclops an opportunity to try and talk the mutants back into the compound but Erg attacks Cyclops.  Emma finds she cannot control Erg as his mind appears to be ''elsewhere'', when Cyclops retaliates against Erg, Mister M shields him declaring \\"No one will harm my people!\\"","arc_events":[""],"arc_id":null,"previous_event_id":null,"next_event_id":null,"character_events":{"10":"Mister M safely removed the tags successfully diffusing the tense standoff between the mutants and O*N*E.<br \\/>\\r\\n<br \\/>\\r\\nAt the prompting of Lorelei he leads an exodus from the compound whilst creating an exit in the walls.  He then walks on water and enables the others to do likewise.<br \\/>\\r\\n<br \\/>\\r\\nWhen Cyclops retaliates against Erg''s attack he shields Erg and claims the mutants as his people."}},"1327958645_100002077828287":{"comic":"9","issue_number":"4","year_published":"2006","month_published":"4","day_published":"12","image":"1327530203.jpg","summary":"Val Cooper claims she didn''t know that the tags also had the ability to ''shock'' the wearer.  Kitty Pryde vehemently doubts that.  We find that she was not lying when she is seen complaning to General Lazer about the fact that she was not told.\\r\\nHank McCoy confirms that the tags did not kill Jazz.\\r\\nVal tells the General that she is losing what little trust the mutants had in her.  General Lazer does not appear to care and seems to welcome the idea of ''controlling'' them.\\r\\nWhen Erg attempts to defy and attack Colonel Reyes when he orders them to disperse General Lazer orders that Erg be shocked.\\r\\nWhen they realise they can''t remove the tags themselves because they are bonded to the bone, Mister M uses his powers to remove them to the annoyance of General Lazer.\\r\\nMister M then leads an exodus from the Institute through the walls as the gates are blockaded by Sentinels and O*N*E personnel.\\r\\nAfter flushing the miniature Jazz down the toilet, Johnny Dee encounters Leech whom he manages to sneak some DNA off of.\\r\\nVal allows Cyclops an opportunity to try and talk the mutants back into the compound but Erg attacks Cyclops.  Emma finds she cannot control Erg as his mind appears to be ''elsewhere'', when Cyclops retaliates against Erg, Mister M shields him declaring \\"No one will harm my people!\\"","arc_events":[""],"arc_id":null,"previous_event_id":null,"next_event_id":null,"character_events":{"10":"Mister M safely removed the tags successfully diffusing the tense standoff between the mutants and O*N*E.<br \\/>\\r\\n<br \\/>\\r\\nAt the prompting of Lorelei he leads an exodus from the compound whilst creating an exit in the walls.  He then walks on water and enables the others to do likewise.<br \\/>\\r\\n<br \\/>\\r\\nWhen Cyclops retaliates against Erg''s attack he shields Erg and claims the mutants as his people."}}}', 0, '', 'published', '2012-06-16 13:00:00'),
(68, 20, 2005, 11, 9, 13, '1327530961.jpg', 'Two Years Ago: An old man is shown entering a ransacked and abandoned church where he pleads with God for answers and help.  When none are coming he goes to commit suicide but is stopped by a large figure back lit by a blinding light which he takes to be a sign from God.<br /><br />\r\n<br /><br />\r\nPresent Day: The Xavier Institute is thrown into chaos as the students and teacher discover than most of them have lost their mutant abilities.  The panic of the students threatens to overwhelm Emma Frost and the other telepaths.  She struggles to Cerebro calling for the Stepford Cuckoos as she goes.<br /><br />\r\n<br /><br />\r\nCerebro shows a 91.4% decrease in the worlds mutant population.  Combining her powers with the Cuckoos they cause the inhabitants to sleep.<br /><br />\r\n<br /><br />\r\nTwo Days Later:  After hearing Scott and Emma fight over her firing Danielle Moonstar because she is no longer a mutant, he calls X-23 and tells her she needs to come back.  She refuses and points out that the people after her will find her, she throws her phone away.<br /><br />\r\n<br /><br />\r\nTwo Weeks after M-Day:  Scott and Emma open the front door of the Institute to find Jay Gutherie on the front step bleeding from where his wings had been amputated.', NULL, NULL, NULL, 737699300, '{"1327530961":{"comic":"13","issue_number":"20","year_published":"2005","month_published":"11","day_published":"9","image":"1327530961.jpg","comic_summary":"Two Years Ago: An old man is shown entering a ransacked and abandoned church where he pleads with God for answers and help.  When none are coming he goes to commit suicide but is stopped by a large figure back lit by a blinding light which he takes to be a sign from God.\\r\\n\\r\\nPresent Day: The Xavier Institute is thrown into chaos as the students and teacher discover than most of them have lost their mutant abilities.  The panic of the students threatens to overwhelm Emma Frost and the other telepaths.  She struggles to Cerebro calling for the Stepford Cuckoos as she goes.\\r\\n\\r\\nCerebro shows a 91.4% decrease in the worlds mutant population.  Combining her powers with the Cuckoos they cause the inhabitants to sleep.\\r\\n\\r\\nTwo Days Later:  After hearing Scott and Emma fight over her firing Danielle Moonstar because she is no longer a mutant, he calls X-23 and tells her she needs to come back.  She refuses and points out that the people after her will find her, she throws her phone away.\\r\\n\\r\\nTwo Weeks after M-Day:  Scott and Emma open the front door of the Institute to find Jay Gutherie on the front step bleeding from where his wings had been amputated.","arc_events":false,"characters":["44","23","51","45","47","48","49","50","35","9","52","53","54","55","56","57","58","59","60","33","61"],"character_events":["After receiving request from Logan to return to the Mansion she throws her phone into the water where she is.  She makes it clear she does not want to return and fears that the people after her will find her.","Emma Frost retains her powers but also seems to be awake and aware at the moment that reality reverts from The House of M.  \\r\\n\\r\\nShe is able to communicate with Hank and Logan to see to various students in danger despite being too late to save Hydro.\\r\\n\\r\\nCombining her powers with the Stepford Cuckoos she manages to cause the panicking residents of the Mansion to sleep.\\r\\n\\r\\nTwo days after M-Day she fires a de-powered Danielle Moonstar believing that non-mutants have no place with them.\\r\\n\\r\\nTwo weeks after M-Day she finds Jay Guthrie bleeding on the steps of the Institute with his wings amputated.","De-Powered.\\r\\n\\r\\nNearly dies when she jumps from the top of the institute believing she can still fly.  She is saved by Hank McCoy.","Having been woken by the other students and realising that people have lost their powers, he believes he has lost his powers too.  He rushes to Laurie Collins and grabs her hand only to discover he still has his powers when he badly damages Laurie''s hand.","Having retained their powers, they are awoken by the terror and panic in the Mansion.  Emma Frost calls on them to help her as they make their way to Cerebro and discover the cause.  They combine their powers with Emma''s to cause the Mansion occupants to sleep.","Jay is one of the ones to keep his powers and wings.\\r\\n\\r\\nTwo weeks after M-Day he is found bleeding with his wings amputated on the steps of Mansion.","Laurie seems to have kept her powers but she was severely injured when Kevin Ford grabbed her hand believing he had lost his powers.  Josh Foley seems unable to heal her.","De-Powered.","Retains his powers and saved Melody Guthrie by jumping through a window and catching her as she falls.","Retains his powers and retrieves Hydro from the pool where he died when he lost his powers.\\r\\n\\r\\nTwo days after M-Day he calls X-23 and asks her to return to the Institute.","Retains his powers.  Is unable to heal Laurie Collins when Kevin Ford destroys her hand.","De-Powered.","Retains his powers.","De-Powered.","Retains her powers.","Retains her powers.","Retains her powers but is fairly distraught that she is still cursed.","Retains his powers.  Manages to sleep through the whole event.","De-Powered.  Is fired by Emma Frost for not being a mutant.","Retains his powers and is upset that Emma is making arbitrary decisions regarding the de-powered mutants.","After receiving request from Logan to return to the Mansion she throws her phone into the water where she is.  She makes it clear she does not want to return and fears that the people after her will find her."],"arc_id":false,"previous_event_id":false,"next_event_id":false},"1327948162_737699300":{"comic":"13","issue_number":"20","year_published":"2005","month_published":"11","day_published":"9","image":"1327530961.jpg","summary":"Two Years Ago: An old man is shown entering a ransacked and abandoned church where he pleads with God for answers and help.  When none are coming he goes to commit suicide but is stopped by a large figure back lit by a blinding light which he takes to be a sign from God.\\r\\n\\r\\nPresent Day: The Xavier Institute is thrown into chaos as the students and teacher discover than most of them have lost their mutant abilities.  The panic of the students threatens to overwhelm Emma Frost and the other telepaths.  She struggles to Cerebro calling for the Stepford Cuckoos as she goes.\\r\\n\\r\\nCerebro shows a 91.4% decrease in the worlds mutant population.  Combining her powers with the Cuckoos they cause the inhabitants to sleep.\\r\\n\\r\\nTwo Days Later:  After hearing Scott and Emma fight over her firing Danielle Moonstar because she is no longer a mutant, he calls X-23 and tells her she needs to come back.  She refuses and points out that the people after her will find her, she throws her phone away.\\r\\n\\r\\nTwo Weeks after M-Day:  Scott and Emma open the front door of the Institute to find Jay Gutherie on the front step bleeding from where his wings had been amputated.","arc_events":[""],"arc_id":null,"previous_event_id":null,"next_event_id":null,"character_events":{"61":"After receiving request from Logan to return to the Mansion she throws her phone into the water where she is.  She makes it clear she does not want to return and fears that the people after her will find her."}},"1327959212_100002077828287":{"comic":"13","issue_number":"20","year_published":"2005","month_published":"11","day_published":"9","image":"1327530961.jpg","summary":"Two Years Ago: An old man is shown entering a ransacked and abandoned church where he pleads with God for answers and help.  When none are coming he goes to commit suicide but is stopped by a large figure back lit by a blinding light which he takes to be a sign from God.\\r\\n\\r\\nPresent Day: The Xavier Institute is thrown into chaos as the students and teacher discover than most of them have lost their mutant abilities.  The panic of the students threatens to overwhelm Emma Frost and the other telepaths.  She struggles to Cerebro calling for the Stepford Cuckoos as she goes.\\r\\n\\r\\nCerebro shows a 91.4% decrease in the worlds mutant population.  Combining her powers with the Cuckoos they cause the inhabitants to sleep.\\r\\n\\r\\nTwo Days Later:  After hearing Scott and Emma fight over her firing Danielle Moonstar because she is no longer a mutant, he calls X-23 and tells her she needs to come back.  She refuses and points out that the people after her will find her, she throws her phone away.\\r\\n\\r\\nTwo Weeks after M-Day:  Scott and Emma open the front door of the Institute to find Jay Gutherie on the front step bleeding from where his wings had been amputated.","arc_events":[""],"arc_id":null,"previous_event_id":null,"next_event_id":null,"character_events":{"61":"After receiving request from Logan to return to the Mansion she throws her phone into the water where she is.  She makes it clear she does not want to return and fears that the people after her will find her.","23":"Emma Frost retains her powers but also seems to be awake and aware at the moment that reality reverts from The House of M.  <br \\/>\\r\\n<br \\/>\\r\\nShe is able to communicate with Hank and Logan to see to various students in danger despite being too late to save Hydro.<br \\/>\\r\\n<br \\/>\\r\\nCombining her powers with the Stepford Cuckoos she manages to cause the panicking residents of the Mansion to sleep.\\\\r\\\\n\\\\r\\\\nTwo days after M-Day she fires a de-powered Danielle Moonstar believing that non-mutants have no place with them.<br \\/>\\r\\n<br \\/>\\r\\nTwo weeks after M-Day she finds Jay Guthrie bleeding on the steps of the Institute with his wings amputated.","51":"De-Powered.<br \\/>\\r\\n<br \\/>\\r\\nNearly dies when she jumps from the top of the institute believing she can still fly.  She is saved by Hank McCoy.","45":"Having been woken by the other students and realising that people have lost their powers, he believes he has lost his powers too.  He rushes to Laurie Collins and grabs her hand only to discover he still has his powers when he badly damages Laurie''s hand.","47":"Having retained their powers, they are awoken by the terror and panic in the Mansion.  Emma Frost calls on them to help her as they make their way to Cerebro and discover the cause.  They combine their powers with Emma''s to cause the Mansion occupants to sleep.","48":"Jay is one of the ones to keep his powers and wings.<br \\/>\\r\\n<br \\/>\\r\\nTwo weeks after M-Day he is found bleeding with his wings amputated on the steps of Mansion.","49":"Laurie seems to have kept her powers but she was severely injured when Kevin Ford grabbed her hand believing he had lost his powers.  Josh Foley seems unable to heal her.","35":"Retains his powers and saved Melody Guthrie by jumping through a window and catching her as she falls.","9":"Retains his powers and retrieves Hydro from the pool where he died when he lost his powers.<br \\/>\\r\\n<br \\/>\\r\\nTwo days after M-Day he calls X-23 and asks her to return to the Institute.","52":"Retains his powers.  Is unable to heal Laurie Collins when Kevin Ford destroys her hand.","58":"Retains her powers but is fairly distraught that she is still cursed.","59":"Retains his powers.  Manages to sleep through the whole event."}},"1327959297_100002077828287":{"comic":"13","issue_number":"20","year_published":"2005","month_published":"11","day_published":"9","image":"1327530961.jpg","summary":"Two Years Ago: An old man is shown entering a ransacked and abandoned church where he pleads with God for answers and help.  When none are coming he goes to commit suicide but is stopped by a large figure back lit by a blinding light which he takes to be a sign from God.\\r\\n\\r\\nPresent Day: The Xavier Institute is thrown into chaos as the students and teacher discover than most of them have lost their mutant abilities.  The panic of the students threatens to overwhelm Emma Frost and the other telepaths.  She struggles to Cerebro calling for the Stepford Cuckoos as she goes.\\r\\n\\r\\nCerebro shows a 91.4% decrease in the worlds mutant population.  Combining her powers with the Cuckoos they cause the inhabitants to sleep.\\r\\n\\r\\nTwo Days Later:  After hearing Scott and Emma fight over her firing Danielle Moonstar because she is no longer a mutant, he calls X-23 and tells her she needs to come back.  She refuses and points out that the people after her will find her, she throws her phone away.\\r\\n\\r\\nTwo Weeks after M-Day:  Scott and Emma open the front door of the Institute to find Jay Gutherie on the front step bleeding from where his wings had been amputated.","arc_events":[""],"arc_id":null,"previous_event_id":null,"next_event_id":null,"character_events":{"61":"After receiving request from Logan to return to the Mansion she throws her phone into the water where she is.  She makes it clear she does not want to return and fears that the people after her will find her.","23":"Emma Frost retains her powers but also seems to be awake and aware at the moment that reality reverts from The House of M.  <br \\/>\\r\\n<br \\/>\\r\\nShe is able to communicate with Hank and Logan to see to various students in danger despite being too late to save Hydro.<br \\/>\\r\\n<br \\/>\\r\\nCombining her powers with the Stepford Cuckoos she manages to cause the panicking residents of the Mansion to sleep.\\\\r\\\\n\\\\r\\\\nTwo days after M-Day she fires a de-powered Danielle Moonstar believing that non-mutants have no place with them.<br \\/>\\r\\n<br \\/>\\r\\nTwo weeks after M-Day she finds Jay Guthrie bleeding on the steps of the Institute with his wings amputated.","51":"De-Powered.<br \\/>\\r\\n<br \\/>\\r\\nNearly dies when she jumps from the top of the institute believing she can still fly.  She is saved by Hank McCoy.","45":"Having been woken by the other students and realising that people have lost their powers, he believes he has lost his powers too.  He rushes to Laurie Collins and grabs her hand only to discover he still has his powers when he badly damages Laurie''s hand.","47":"Having retained their powers, they are awoken by the terror and panic in the Mansion.  Emma Frost calls on them to help her as they make their way to Cerebro and discover the cause.  They combine their powers with Emma''s to cause the Mansion occupants to sleep.","48":"Jay is one of the ones to keep his powers and wings.<br \\/>\\r\\n<br \\/>\\r\\nTwo weeks after M-Day he is found bleeding with his wings amputated on the steps of Mansion.","49":"Laurie seems to have kept her powers but she was severely injured when Kevin Ford grabbed her hand believing he had lost his powers.  Josh Foley seems unable to heal her.","35":"Retains his powers and saved Melody Guthrie by jumping through a window and catching her as she falls.","9":"Retains his powers and retrieves Hydro from the pool where he died when he lost his powers.<br \\/>\\r\\n<br \\/>\\r\\nTwo days after M-Day he calls X-23 and asks her to return to the Institute.","52":"Retains his powers.  Is unable to heal Laurie Collins when Kevin Ford destroys her hand.","58":"Retains her powers but is fairly distraught that she is still cursed.","59":"Retains his powers.  Manages to sleep through the whole event.","60":"De-Powered.  Is fired by Emma Frost for not being a mutant.","33":"Retains his powers and is upset that Emma is making arbitrary decisions regarding the de-powered mutants.","53":"De-Powered."}},"1329271414_100002077828287":{"comic":"13","issue_number":"20","year_published":"2005","month_published":"11","day_published":"9","image":"1327530961.jpg","summary":"Two Years Ago: An old man is shown entering a ransacked and abandoned church where he pleads with God for answers and help.  When none are coming he goes to commit suicide but is stopped by a large figure back lit by a blinding light which he takes to be a sign from God.\\r\\n\\r\\nPresent Day: The Xavier Institute is thrown into chaos as the students and teacher discover than most of them have lost their mutant abilities.  The panic of the students threatens to overwhelm Emma Frost and the other telepaths.  She struggles to Cerebro calling for the Stepford Cuckoos as she goes.\\r\\n\\r\\nCerebro shows a 91.4% decrease in the worlds mutant population.  Combining her powers with the Cuckoos they cause the inhabitants to sleep.\\r\\n\\r\\nTwo Days Later:  After hearing Scott and Emma fight over her firing Danielle Moonstar because she is no longer a mutant, he calls X-23 and tells her she needs to come back.  She refuses and points out that the people after her will find her, she throws her phone away.\\r\\n\\r\\nTwo Weeks after M-Day:  Scott and Emma open the front door of the Institute to find Jay Gutherie on the front step bleeding from where his wings had been amputated.","arc_events":[""],"arc_id":null,"previous_event_id":null,"next_event_id":null,"character_events":{"61":"After receiving request from Logan to return to the Mansion she throws her phone into the water where she is.  She makes it clear she does not want to return and fears that the people after her will find her.","23":"Emma Frost retains her powers but also seems to be awake and aware at the moment that reality reverts from The House of M.  <br \\/>\\r\\n<br \\/>\\r\\nShe is able to communicate with Hank and Logan to see to various students in danger despite being too late to save Hydro.<br \\/>\\r\\n<br \\/>\\r\\nCombining her powers with the Stepford Cuckoos she manages to cause the panicking residents of the Mansion to sleep.\\\\r\\\\n\\\\r\\\\nTwo days after M-Day she fires a de-powered Danielle Moonstar believing that non-mutants have no place with them.<br \\/>\\r\\n<br \\/>\\r\\nTwo weeks after M-Day she finds Jay Guthrie bleeding on the steps of the Institute with his wings amputated.","51":"De-Powered.<br \\/>\\r\\n<br \\/>\\r\\nNearly dies when she jumps from the top of the institute believing she can still fly.  She is saved by Hank McCoy.","45":"Having been woken by the other students and realising that people have lost their powers, he believes he has lost his powers too.  He rushes to Laurie Collins and grabs her hand only to discover he still has his powers when he badly damages Laurie''s hand.","47":"Having retained their powers, they are awoken by the terror and panic in the Mansion.  Emma Frost calls on them to help her as they make their way to Cerebro and discover the cause.  They combine their powers with Emma''s to cause the Mansion occupants to sleep.","48":"Jay is one of the ones to keep his powers and wings.<br \\/>\\r\\n<br \\/>\\r\\nTwo weeks after M-Day he is found bleeding with his wings amputated on the steps of Mansion.","49":"Laurie seems to have kept her powers but she was severely injured when Kevin Ford grabbed her hand believing he had lost his powers.  Josh Foley seems unable to heal her.","35":"Retains his powers and saved Melody Guthrie by jumping through a window and catching her as she falls.","9":"Retains his powers and retrieves Hydro from the pool where he died when he lost his powers.<br \\/>\\r\\n<br \\/>\\r\\nTwo days after M-Day he calls X-23 and asks her to return to the Institute.","52":"Retains his powers.  Is unable to heal Laurie Collins when Kevin Ford destroys her hand.","58":"Retains her powers but is fairly distraught that she is still cursed.","59":"Retains his powers.  Manages to sleep through the whole event.","60":"De-Powered.  Is fired by Emma Frost for not being a mutant.","33":"Retains his powers and is upset that Emma is making arbitrary decisions regarding the de-powered mutants.","53":"De-Powered.","46":"De-Powered.","50":"De-Powered.","54":"Retains his powers.","55":"De-Powered.","57":"Retains her powers.","56":"Retains her powers."}}}', 0, '', 'published', '2012-06-16 13:00:00'),
(66, 3, 2005, 2, 2, 14, '1327530463.jpg', 'Following the break out, Tony Stark and Steve Rogers are discussing the events that occurred.  Steve retells the events, trying to get Tony to reconsider it from a different view point.<br /><br /><br />\r\n<br /><br /><br />\r\nThe Purple Man was unable to control Luke Cage due to the drugs he was being fed in his food.  Luke proceeds to beat him to a pulp.  Steve manages to talk him down from killing him.<br /><br /><br />\r\n<br /><br /><br />\r\nSteve uses the image of all the heroes thrown into a situation and working together to remind Tony of how the original Avengers started, and that this was a sign for them to start a new Avengers.<br /><br /><br />\r\n<br /><br /><br />\r\nTony is reluctant, but Steve takes that as support and proceeds to approach Peter Parker, Luke Cage, Jessica Drew and Daredevil.<br /><br /><br />\r\n<br /><br /><br />\r\nOnly DareDevil declines because he doesn''t want the Avengers and Steve tarnished with the dirt that he has been hit with in the tabloids.<br /><br /><br />\r\n<br /><br /><br />\r\nThey all meet in a building donated by Tony to the New Avengers.<br /><br /><br />\r\n<br /><br /><br />\r\nJessica is seen agreeing to spy on SHIELD and the New Avengers with an unseen person.', NULL, NULL, NULL, 737699300, '{"1327530463":{"comic":"14","issue_number":"3","year_published":"2005","month_published":"2","day_published":"2","image":"1327530463.jpg","comic_summary":"Following the break out, Tony Stark and Steve Rogers are discussing the events that occurred.  Steve retells the events, trying to get Tony to reconsider it from a different view point.\\r\\n\\r\\nThe Purple Man was unable to control Luke Cage due to the drugs he was being fed in his food.  Luke proceeds to beat him to a pulp.  Steve manages to talk him down from killing him.\\r\\n\\r\\nSteve uses the image of all the heroes thrown into a situation and working together to remind Tony of how the original Avengers started, and that this was a sign for them to start a new Avengers.\\r\\n\\r\\nTony is reluctant, but Steve takes that as support and proceeds to approach Peter Parker, Luke Cage, Jessica Drew and Daredevil.\\r\\n\\r\\nOnly DareDevil declines because he doesn''t want the Avengers and Steve tarnished with the dirt that he has been hit with in the tabloids.\\r\\n\\r\\nThey all meet in a building donated by Tony to the New Avengers.\\r\\n\\r\\nJessica is seen agreeing to spy on SHIELD and the New Avengers with an unseen person.","arc_events":false,"characters":["51"],"character_events":[""],"arc_id":false,"previous_event_id":false,"next_event_id":false}}', 0, '', 'published', '2012-06-16 13:00:00'),
(67, 4, 2005, 3, 1, 14, '1327530604.jpg', 'On the arrival of Jessica Drew to the first meeting of the New Avengers, Tony contacts Maria Hill, acting director of S.H.I.E.L.D.  She immediately expresses her disapproval of a ''New Avengers'', but Steve points out that his ''Full Champion License'' entitles him to assemble any team he sees fit.<br /><br />\r\n<br /><br />\r\nSteve eventually gets the access and cooperation despite Hill''s misgivings.<br /><br />\r\n<br /><br />\r\nSpiderman is able to identify Electro as the instigator and facilitator of the breakout on The Raft.  The team then heads off to Boston to track him down.<br /><br />\r\n<br /><br />\r\nElectro is trying to convince his girlfriend to runaway with him when The New Avengers arrive.  He is quickly contained but faints when Luke Cage threatens to beat on him.<br /><br />\r\n<br /><br />\r\nJessica decides to take a different approach and bribes the remaining Raft prisoners with baked goods, she is quickly offered the name Kyle Lycos.  Although the file on Lycos is locked, Spiderman is able to brief them on what he knows about Kyle Lycos, A.K.A Sauron.<br /><br />\r\n<br /><br />\r\nJessica discovers that the S.H.I.E.L.D outpost outside the Savage Land is offline so they head off to investigate.<br /><br />\r\n<br /><br />\r\nDespite managing to land safely (much to Spiderman''s amazement) they are immediately attacked by a dinosaur.  They split up but Jessica and Luke encounter Wolverine who has his claws at Jessica''s throat.', NULL, NULL, NULL, 737699300, '{"1327530604":{"comic":"14","issue_number":"4","year_published":"2005","month_published":"3","day_published":"1","image":"1327530604.jpg","comic_summary":"On the arrival of Jessica Drew to the first meeting of the New Avengers, Tony contacts Maria Hill, acting director of S.H.I.E.L.D.  She immediately expresses her disapproval of a ''New Avengers'', but Steve points out that his ''Full Champion License'' entitles him to assemble any team he sees fit.\\r\\n\\r\\nSteve eventually gets the access and cooperation despite Hill''s misgivings.\\r\\n\\r\\nSpiderman is able to identify Electro as the instigator and facilitator of the breakout on The Raft.  The team then heads off to Boston to track him down.\\r\\n\\r\\nElectro is trying to convince his girlfriend to runaway with him when The New Avengers arrive.  He is quickly contained but faints when Luke Cage threatens to beat on him.\\r\\n\\r\\nJessica decides to take a different approach and bribes the remaining Raft prisoners with baked goods, she is quickly offered the name Kyle Lycos.  Although the file on Lycos is locked, Spiderman is able to brief them on what he knows about Kyle Lycos, A.K.A Sauron.\\r\\n\\r\\nJessica discovers that the S.H.I.E.L.D outpost outside the Savage Land is offline so they head off to investigate.\\r\\n\\r\\nDespite managing to land safely (much to Spiderman''s amazement) they are immediately attacked by a dinosaur.  They split up but Jessica and Luke encounter Wolverine who has his claws at Jessica''s throat.","arc_events":false,"characters":["62","68","69","3","63"],"character_events":["Spiderman is able to give the New Avengers details on Karl Lycos.","Hill is vocally against a new team of Avengers, she attempts to shut it down until Captain America points out she doesn''t have the authority.  She reluctantly cooperates with the New Avengers.","Electro has gone to Boston to try and convince his girlfriend to go away with him using the money he made when executing the breakout on The Raft.  His girlfriend who hasn''t heard from him in two weeks is reluctant and seemingly horrified as she realises he was responsible for the breakout.\\r\\n\\r\\nThe New Avengers are ready for him and contain him easily using Stark Technology.  When Luke Cage threatens to beat him up to get the information they need he faints.","Steve is able to override Maria Hill by using his ''Full Champion License'' which gives him \\"The Authority of assemble any team\\" he sees \\"fit to on any mission\\" he sees fit.","Jessica successfully gets the information regarding who the target of the breakout was after Electro faints by bribing the inmates with donuts."],"arc_id":false,"previous_event_id":false,"next_event_id":false},"1327958874_100002077828287":{"comic":"14","issue_number":"4","year_published":"2005","month_published":"3","day_published":"1","image":"1327530604.jpg","summary":"On the arrival of Jessica Drew to the first meeting of the New Avengers, Tony contacts Maria Hill, acting director of S.H.I.E.L.D.  She immediately expresses her disapproval of a ''New Avengers'', but Steve points out that his ''Full Champion License'' entitles him to assemble any team he sees fit.\\r\\n\\r\\nSteve eventually gets the access and cooperation despite Hill''s misgivings.\\r\\n\\r\\nSpiderman is able to identify Electro as the instigator and facilitator of the breakout on The Raft.  The team then heads off to Boston to track him down.\\r\\n\\r\\nElectro is trying to convince his girlfriend to runaway with him when The New Avengers arrive.  He is quickly contained but faints when Luke Cage threatens to beat on him.\\r\\n\\r\\nJessica decides to take a different approach and bribes the remaining Raft prisoners with baked goods, she is quickly offered the name Kyle Lycos.  Although the file on Lycos is locked, Spiderman is able to brief them on what he knows about Kyle Lycos, A.K.A Sauron.\\r\\n\\r\\nJessica discovers that the S.H.I.E.L.D outpost outside the Savage Land is offline so they head off to investigate.\\r\\n\\r\\nDespite managing to land safely (much to Spiderman''s amazement) they are immediately attacked by a dinosaur.  They split up but Jessica and Luke encounter Wolverine who has his claws at Jessica''s throat.","arc_events":[""],"arc_id":null,"previous_event_id":null,"next_event_id":null,"character_events":{"63":"Jessica successfully gets the information regarding who the target of the breakout was after Electro faints by bribing the inmates with donuts."}}}', 0, '', 'published', '2012-06-16 13:00:00');
INSERT INTO `mu_event` (`id`, `issue_number`, `year_published`, `month_published`, `day_published`, `comic`, `image`, `summary`, `arc_id`, `previous_event_id`, `next_event_id`, `added_by`, `edited_by`, `reported_count`, `report_history`, `status`, `date_added`) VALUES
(52, 209, 2010, 9, 15, 6, '1370118508.jpg', '<p>Following the events of the previous issue, Jamie and X-Factor follow Hera and Pip to Nevada in order to get some answers.<br /><br /> <br /><br /> <br /><br /> <br /><br /> Earlier Jamie discovered that Rahne was pregnant. Unfortunately a moment of confusion causes Rictor to accuse Jamie of sleeping with her, or one of his dupes.<br /><br /> <br /><br /> <br /><br /> <br /><br /> Back to the present and Jamie is in search of Layla and Longshot who have both vanished. He soon finds them shooting craps... and winning. Despite not being happy about Layla an Longshot off gambling when Longshot is supposed to be getting a read off the amulet, he soon realises that Layla is right and that he is more likely to find a lead if he sticks near Longshot and his probability influence.<br /><br /> <br /><br /> <br /><br /> <br /><br /> A Doctor Foster recognises the photo of Hela but warns them off but informs them that Hela will approach them if she notices them.<br /><br /> <br /><br /> <br /><br /> <br /><br /> Jamie sends Longshot back into the casino to keep winning in the hopes that Hela will notice them.<br /><br /> <br /><br /> <br /><br /> <br /><br /> Whilst the rest of the gang are enjoying Longshots winnings, Jamie and Shatterstar encounter some viking like warriors who wind up causing a fight with them. It is soon revealed that they are there to ensure that they join their ranks in service of their mistress.</p>', NULL, NULL, NULL, 737699300, 'Array', 2, '{"1325112434":{"reporter_id":"737699300","id":"0","details":"gfddgfdfg","event_id":"52"},"1325372568":{"reporter_id":"100002077828287","id":"3","details":"fdbdbffbd","event_id":"52"}}', 'published', '2012-06-16 13:00:00'),
(169, 12, 1965, 1, 10, 1, '1372023363.jpg', '<p>Whilst working in his lab, Ant Man recieves a distress call from some ants. &nbsp;He rallies the Avengers but he is ridiculed when they learn the call came from tiny insects. &nbsp;Having been insulted Ant Man sends the Avengers away so he can deal with the situation on his own.</p>\r\n<p>Meanwhile Mole Man and his slaves are working on a machine that will make him the ''undisputed Master of the Surface''. &nbsp;It is an Atomic Gyroscope that will increase the speed of the Earth''s rotation until everything on the surface is destroyed but those at the core of the Earth are protected.</p>\r\n<p>Having been abandoned by the Avengers and The Wasp, Ant Man tracks down the location of the distress signal, he is soon drawn to the Mole Man and his device. &nbsp;Mole man sends his slaves to overwhelm Ant Man and he is soon overcome.</p>\r\n<p>Eventually those on the surface become aware of the increase in the Earth''s rotation, the Avengers are shamed by their casual dismissal of Ant Man''s warnings but vow to make it right. &nbsp;The Wasp uses the Image Projector invented to find the Hulk (Avengers #3) to project herself and find the location of Ant Man and the identity of their foe: Mole Man.</p>\r\n<p>They plan to utilise New Transitorized Fox-Hole Diggers made for the army by Tony Stark but they are attacked by the Mole Man''s slaves. &nbsp;After a prolonged fight they manage to defeat the slaves but they vanish in a mist.</p>\r\n<p>Captain America and Rick Jones head off to get thet Fox-Hole diggers where they encounter some thugs trying to steal them but manage to deal with them.</p>\r\n<p>The Avengers complete the Fox-Hole Diggers and head to the place they need to dig as determined by Thor and his hammer.</p>\r\n<p>Elsewhere Mole Man is furious that his slaves have returned as he hadn''t ordered that. &nbsp;He is confronted by the Red Ghost who claims he managed to phase them through the Earth with his abilities. &nbsp;He proposes that they join forces but the Avengers soon arrive.</p>\r\n<p>As the rest of the Avengers hold off the Red Ghost and the Mole Man''s men, The Wasp tracks down the imprisoned Ant Man who then climbs inside the Atomic Gyroscope and disables it. &nbsp;The Mole Man is able to escape with help from the Red Ghost and his ability to phase.</p>\r\n<p>The Avengers agree to all apologise to Ant Man for the way they treated him.</p>', NULL, NULL, NULL, 737699300, 'Array', 0, '', 'published', '2013-06-23 14:36:03'),
(61, 1, 2006, 1, 11, 9, '1327319381.jpg', 'In the wake of The House of M, Cyclops has declared The Xavier Institute a haven for the remaining 198 mutants left on the planet.  The O*N*E has deployed human piloted Sentinels around the haven for mutants ''protection''.  Years of persecution cause the mutants to doubt that statement.', NULL, NULL, NULL, 100002077828287, '{"1327319381":{"comic":"9","issue_number":"1","year_published":"2006","month_published":"1","day_published":"11","image":"1327319381.jpg","comic_summary":"In the wake of The House of M, Cyclops has declared The Xavier Institute a haven for the remaining 198 mutants left on the planet.  The O*N*E has deployed human piloted Sentinels around the haven for mutants ''protection''.  Years of persecution cause the mutants to doubt that statement.","arc_events":false,"characters":["51"],"character_events":[""],"arc_id":false,"previous_event_id":false,"next_event_id":false}}', 0, '', 'published', '2012-06-16 13:00:00'),
(62, 2, 2006, 2, 8, 9, '1327529412.jpg', 'The X-Men along with Val Cooper quibble over what they are doing by having all the mutants come to the Institute. Many mutants believe they are now part of concentration camps and prisoners despite Val asserting otherwise.', NULL, NULL, NULL, 737699300, '{"1327529412":{"comic":"9","issue_number":"2","year_published":"2006","month_published":"2","day_published":"8","image":"1327529412.jpg","comic_summary":"The X-Men along with Val Cooper quibble over what they are doing by having all the mutants come to the Institute. Many mutants believe they are now part of concentration camps and prisoners despite Val asserting otherwise.","arc_events":false,"characters":["51"],"character_events":[""],"arc_id":false,"previous_event_id":false,"next_event_id":false}}', 0, '', 'published', '2012-06-16 13:00:00'),
(63, 3, 2006, 3, 8, 9, '1327530102.jpg', 'Val Cooper and the O*N*E give the mutants the option to have escorted and supervised visits into town provided they carry special phones and allow themselves to be implanted with a tracker. The mutants are enraged by the thought that they are to be tagged like dogs.<br /><br />\r\nJazz sees Johnny Dee with the miniature Magma he created and then the miniature version of himself.<br /><br />\r\n <br /><br />\r\nMammomax is being taunted by kids and threatens them with his corrosive stomach acids. The O*N*E reveals the sinister side of the tags by using them to take Mammomax down.<br /><br />\r\n <br /><br />\r\nWhilst rounding up the mutants they discover Jazz is missing. Johnny Dee uses his miniature Jazz as a voodoo doll and kills him leaving the O*N*E and X-Men with no clue who killed him.', NULL, NULL, NULL, 737699300, '{"1327530101":{"comic":"9","issue_number":"3","year_published":"2006","month_published":"3","day_published":"8","image":"1327530102.jpg","comic_summary":"Val Cooper and the O*N*E give the mutants the option to have escorted and supervised visits into town provided they carry special phones and allow themselves to be implanted with a tracker. The mutants are enraged by the thought that they are to be tagged like dogs.\\r\\nJazz sees Johnny Dee with the miniature Magma he created and then the miniature version of himself.\\r\\n \\r\\nMammomax is being taunted by kids and threatens them with his corrosive stomach acids. The O*N*E reveals the sinister side of the tags by using them to take Mammomax down.\\r\\n \\r\\nWhilst rounding up the mutants they discover Jazz is missing. Johnny Dee uses his miniature Jazz as a voodoo doll and kills him leaving the O*N*E and X-Men with no clue who killed him.","arc_events":false,"characters":["17","15","12","10"],"character_events":["After being threatened and intimidated by Manhattan cops, Jazz finds himself forced to seek sanctuary at the Institute.\\r\\n \\r\\nWhilst taking advantage of a field trip into town he begins searching for a drug supplier.\\r\\n \\r\\nHe is killed by Johnny Dee who uses a miniature voodoo type doll he created of him.","Amara finds herself being watched by Empath and accuses him of mind rape.  She is dragged away by Inez.","Lorelei engages in a sexual relationship with Mr. M despite his protests that he is unable to do so.  He soon succumbs to her desires.","Mister M claims he is impotent when Lorelei tries to seduce him.  This does not seem to deter her."],"arc_id":false,"previous_event_id":false,"next_event_id":false},"1327958783_100002077828287":{"comic":"9","issue_number":"3","year_published":"2006","month_published":"3","day_published":"8","image":"1327530102.jpg","summary":"Val Cooper and the O*N*E give the mutants the option to have escorted and supervised visits into town provided they carry special phones and allow themselves to be implanted with a tracker. The mutants are enraged by the thought that they are to be tagged like dogs.\\r\\nJazz sees Johnny Dee with the miniature Magma he created and then the miniature version of himself.\\r\\n \\r\\nMammomax is being taunted by kids and threatens them with his corrosive stomach acids. The O*N*E reveals the sinister side of the tags by using them to take Mammomax down.\\r\\n \\r\\nWhilst rounding up the mutants they discover Jazz is missing. Johnny Dee uses his miniature Jazz as a voodoo doll and kills him leaving the O*N*E and X-Men with no clue who killed him.","arc_events":[""],"arc_id":null,"previous_event_id":null,"next_event_id":null,"character_events":{"10":"Mister M claims he is impotent when Lorelei tries to seduce him.  This does not seem to deter her."}}}', 0, '', 'published', '2012-06-16 13:00:00'),
(69, 1, 1941, 3, 1, 12, '1369829556.jpg', '<p>This volume contains three stories about Captain America (including his origins) and two other stories. In the first story the Second World War occurring in Europe. The US military is finding spies in their ranks and they turn to the FBI for an answer. Enter Steve Rodgers. A young man rejected from the army due to his frailness. He is offered the chance to become America''s hero by use of a special serum. Once the serum is proved viable and Steve is now a super soldier, one of the observers reveals himself to be a spy and kills the lead doctor. Before dying the doctor names Steve; ''Captain America''.<br /><br /> <br /><br /> He goes on to perform various heroic deeds when he discovered donning his costume by a patriotic young boy named ''Bucky''. Captain America takes the young boy on as his sidekick.<br /><br /> <br /><br /> In the second story, Cap'' and Bucky investigate a pair of future telling gentlemen who have mysteriously predicted various attacks and accidents on the US. Their investigation leads them to discover a ring of Nazi spies.<br /><br /> <br /><br /> The third story is not a comic, it tells of a night where Cap'' prevents a spy from poisoning the entire army camp.<br /><br /> <br /><br /> The fourth story is along similar lines where the Captain and Bucky investigate a series of murders and uncover another spy cell.<br /><br /> <br /><br /> The fifth story reveals the Red Skull who is assassinating various military leaders. He is later revealed to be the designer of an experimental airplane the army was testing and a spy for the Fuhrer.</p>', NULL, NULL, NULL, 100002077828287, 'Array', 0, '', 'published', '2012-06-16 13:00:00'),
(70, 1, 1963, 9, 10, 1, '1327760756.jpg', '<p>When Loki tries to trick Thor in to attacking The Hulk they band together with Iron Man, Ant Man and The Wasp to for: The Avengers!</p>', NULL, NULL, NULL, 737699300, 'Array', 0, '', 'published', '2012-06-16 13:00:00'),
(72, 3, 1964, 1, 10, 1, '1327763596.jpg', '<p>Still smarting from his treatment by the Avengers in the previous issue, The Hulk teams up with Namor, The Sub-Mariner.</p>', NULL, NULL, NULL, 737699300, 'Array', 0, '', 'published', '2012-06-16 13:00:00'),
(73, 4, 1964, 3, 10, 1, '1327763697.jpg', 'In the wake of his defeat in the previous issue, Namor, whilst venting his anger comes across some locals worshipping a frozen being. He tosses the frozen cube into the ocean where it begins to melt. The Avengers rescue the trapped individual to discover it is the long lost Captain America. <br /><br /><br />\r\n<br /><br /><br />\r\nOn arrival back in manhattan, the Avengers are attacked and it is up to Rick Jones and Captain America to save the day. Eventually they run across Namor. Namor is run off when the alien who had attacked them gets his ship working and flees the planet.', NULL, NULL, NULL, 737699300, '{"1327763697":{"comic":"1","issue_number":"4","year_published":"1964","month_published":"3","day_published":"10","image":"1327763697.jpg","comic_summary":"In the wake of his defeat in the previous issue, Namor, whilst venting his anger comes across some locals worshipping a frozen being. He tosses the frozen cube into the ocean where it begins to melt. The Avengers rescue the trapped individual to discover it is the long lost Captain America. \\r\\n\\r\\nOn arrival back in manhattan, the Avengers are attacked and it is up to Rick Jones and Captain America to save the day. Eventually they run across Namor. Namor is run off when the alien who had attacked them gets his ship working and flees the planet.","arc_events":false,"characters":["51"],"character_events":[""],"arc_id":false,"previous_event_id":false,"next_event_id":false}}', 0, '', 'published', '2012-06-16 13:00:00'),
(74, 5, 1964, 5, 10, 1, '1327763764.jpg', '10 May 1964  Following the battle between the Hulk and the Fantastic Four in The Fantastic Four #26, The Avengers reconvene back at Tony Stark''s mansion, from there they disperse to deal with their own challenges and daily lives.<br /><br /><br />\r\n<br /><br /><br />\r\nA few days later a mysterious noise causes damage at one of Tony Stark''s weapons factories and he goes to investigate.<br /><br /><br />\r\n<br /><br /><br />\r\nWhilst investigating an ant hill, Ant-Man and The Wasp are nearly buried when the same sound causes the ant hill to collapse around them.<br /><br /><br />\r\n<br /><br /><br />\r\nThor notices the sounds reported in the newspaper and decides to summon the Avengers. He seeks out Captain America who is training Rick Jones and his friends. Whilst explaining the situation they hear the noise and return to Tony Stark''s mansion to assemble. Together they manage to triangulate the origin of the sounds to a missile installation.<br /><br /><br />\r\n<br /><br /><br />\r\nThe installation is under the command of General Ross and strange green hill appears to be growing on the base. At the same time Bruce Banner turns up.<br /><br /><br />\r\n<br /><br /><br />\r\nBeneath the surface, the Lava Men are using crude machines to raise the green hill or ''Living Rock'' to the surface. They feel they are being menaced by the rock and are trying to save themselves by sending it to the surface.<br /><br /><br />\r\n<br /><br /><br />\r\nOne of the Lava Men, Molto, speaks in defence of the surface people based on his encounters with Thor in Journey Into Mystery #97 "Thor vs. The Lava Men". He is silenced by the Lava Men''s Witch Doctor who Molto accuses of wanting to start a war between the Lava Men and Surface People.<br /><br /><br />\r\n<br /><br /><br />\r\nJust as the General orders missiles to ring the green hill, which Banner has said might be radio-active, the Avengers arrive.<br /><br /><br />\r\n<br /><br /><br />\r\nIron Man goes first to investigate, protected from the radiation in his suit of armour. He attempts to blast past the outer layers to see what is beneath, but the Lava Men see this as an attack. Iron Man tries to talk them down but they still attack. He is rescued by Thor and Captain America.<br /><br /><br />\r\n<br /><br /><br />\r\nAs the only one capable of surviving the heat of the lava, Thor continues alone and asks to speak to the ruler of the Lava men. They refuse and attack, but flee when it becomes apparent that Thor will survive. Thor approaches the Witch Doctor and the ruler of the Lava Men they show him the Living Rock they explain that they are trying to remove the rock as it is causing damage to their domain. Thor threatens to destroy the rock but the Witch Doctor stops him and gives him the history of the rock.<br /><br /><br />\r\n<br /><br /><br />\r\nHe explains that striking the rock will cause an explosion that would destroy the planet. Thor tries to get them to consider another way but the Witch Doctor refuses and calls reinforcements. The reinforcements are blocked by Captain America, he soon joined by Rick Jones and Iron Man.<br /><br /><br />\r\n<br /><br /><br />\r\nAnt-Man and the Wasp investigate the rock from the surface, Ant-Man believes he has found the spot where the rock can safely be struck and destroyed without destroying the planet. They seek out Thor so he can deliver the blow with his hammer.<br /><br /><br />\r\n<br /><br /><br />\r\nOn the surface Bruce Banner becomes the Hulk again and spies the Avengers. The Avengers in turn spy the Hulk and attempt to remove him from the scene but the Hulk retaliates.<br /><br /><br />\r\n<br /><br /><br />\r\nThor attempts to stop the Hulk whilst the others fallback, but the Witch Doctor seals him in. A freak occurrence causes Thor to revert to his alter-ego, Don Blake, too weak to move.<br /><br /><br />\r\n<br /><br /><br />\r\nWithout Thor to destroy the Living Rock they trick the Hulk into destroying it.<br /><br /><br />\r\n<br /><br /><br />\r\nThor manages to change just in time. He delivers a warning to the Lava Men to stay away from the surface.<br /><br /><br />\r\n<br /><br /><br />\r\nWhilst Thor rejoins the Avengers, Betty Ross finds an injured Bruce Banner, she believes the Hulk hurt him. She takes him away to tend to his injuries whilst the Avengers head off on another mission.', NULL, NULL, NULL, 737699300, '{"1327763764":{"comic":"1","issue_number":"5","year_published":"1964","month_published":"5","day_published":"10","image":"1327763764.jpg","comic_summary":"10 May 1964  Following the battle between the Hulk and the Fantastic Four in The Fantastic Four #26, The Avengers reconvene back at Tony Stark''s mansion, from there they disperse to deal with their own challenges and daily lives.\\r\\n\\r\\nA few days later a mysterious noise causes damage at one of Tony Stark''s weapons factories and he goes to investigate.\\r\\n\\r\\nWhilst investigating an ant hill, Ant-Man and The Wasp are nearly buried when the same sound causes the ant hill to collapse around them.\\r\\n\\r\\nThor notices the sounds reported in the newspaper and decides to summon the Avengers. He seeks out Captain America who is training Rick Jones and his friends. Whilst explaining the situation they hear the noise and return to Tony Stark''s mansion to assemble. Together they manage to triangulate the origin of the sounds to a missile installation.\\r\\n\\r\\nThe installation is under the command of General Ross and strange green hill appears to be growing on the base. At the same time Bruce Banner turns up.\\r\\n\\r\\nBeneath the surface, the Lava Men are using crude machines to raise the green hill or ''Living Rock'' to the surface. They feel they are being menaced by the rock and are trying to save themselves by sending it to the surface.\\r\\n\\r\\nOne of the Lava Men, Molto, speaks in defence of the surface people based on his encounters with Thor in Journey Into Mystery #97 \\"Thor vs. The Lava Men\\". He is silenced by the Lava Men''s Witch Doctor who Molto accuses of wanting to start a war between the Lava Men and Surface People.\\r\\n\\r\\nJust as the General orders missiles to ring the green hill, which Banner has said might be radio-active, the Avengers arrive.\\r\\n\\r\\nIron Man goes first to investigate, protected from the radiation in his suit of armour. He attempts to blast past the outer layers to see what is beneath, but the Lava Men see this as an attack. Iron Man tries to talk them down but they still attack. He is rescued by Thor and Captain America.\\r\\n\\r\\nAs the only one capable of surviving the heat of the lava, Thor continues alone and asks to speak to the ruler of the Lava men. They refuse and attack, but flee when it becomes apparent that Thor will survive. Thor approaches the Witch Doctor and the ruler of the Lava Men they show him the Living Rock they explain that they are trying to remove the rock as it is causing damage to their domain. Thor threatens to destroy the rock but the Witch Doctor stops him and gives him the history of the rock.\\r\\n\\r\\nHe explains that striking the rock will cause an explosion that would destroy the planet. Thor tries to get them to consider another way but the Witch Doctor refuses and calls reinforcements. The reinforcements are blocked by Captain America, he soon joined by Rick Jones and Iron Man.\\r\\n\\r\\nAnt-Man and the Wasp investigate the rock from the surface, Ant-Man believes he has found the spot where the rock can safely be struck and destroyed without destroying the planet. They seek out Thor so he can deliver the blow with his hammer.\\r\\n\\r\\nOn the surface Bruce Banner becomes the Hulk again and spies the Avengers. The Avengers in turn spy the Hulk and attempt to remove him from the scene but the Hulk retaliates.\\r\\n\\r\\nThor attempts to stop the Hulk whilst the others fallback, but the Witch Doctor seals him in. A freak occurrence causes Thor to revert to his alter-ego, Don Blake, too weak to move.\\r\\n\\r\\nWithout Thor to destroy the Living Rock they trick the Hulk into destroying it.\\r\\n\\r\\nThor manages to change just in time. He delivers a warning to the Lava Men to stay away from the surface.\\r\\n\\r\\nWhilst Thor rejoins the Avengers, Betty Ross finds an injured Bruce Banner, she believes the Hulk hurt him. She takes him away to tend to his injuries whilst the Avengers head off on another mission.","arc_events":false,"characters":["51"],"character_events":[""],"arc_id":false,"previous_event_id":false,"next_event_id":false}}', 0, '', 'published', '2012-06-16 13:00:00'),
(75, 6, 1964, 7, 10, 1, '1327763858.jpg', '10 July 1964  After testing some new features that Iron Man added to Captain America''s shield and gloves, Captain America finds himself suffering depression over his displacement in time and loss of his old partner Bucky. Rick Jones attempts to comfort him and remind him that he is supposed to be training to be his sidekick. Captain America expresses his wish to confront the person that caused Bucky''s death.<br /><br /><br />\r\n<br /><br /><br />\r\nIn the South American Jungle Baron Zemo rules over a primitive tribe as he awaits supplies and news from civilisation. The newspaper in the supplies reveals the re-emergence of Captain America who is responsible for his being trapped beneath the mask he wears. He also reveals that he was responsible for the Captain''s time in frozen stasis and the loss of Bucky. He enlists the pilot who delivered the supplies to return him to civilisation so he can get revenge on Captain America.<br /><br /><br />\r\n<br /><br /><br />\r\nBack in New York the Teen Brigade are trying to reach the Avengers due to various villains terrorising the city. The Black Knight is flying over the city spraying the same adhesive that caused Baron Zemo''s mask to become attached to his face.<br /><br /><br />\r\n<br /><br /><br />\r\nOnce the Black Knight runs out of adhesive the Melter arrives destroying police weapons and then continuing to spray more of the adhesive that the Black Knight was spraying.<br /><br /><br />\r\n<br /><br /><br />\r\nRadioactive Man is also in the city spraying the adhesive and causing mayhem.<br /><br /><br />\r\n<br /><br /><br />\r\nIn order to defeat their enemies they find they must change tactics as their usual targets have developed counter attacks, such as Radioactive Man being able to repel Thor''s hammer or The Melter being able to damage Iron Man''s armour.<br /><br /><br />\r\n<br /><br /><br />\r\nDuring the fight, Ant-Man and Captain America find themselves trapped in the Adhesive X. Iron Man has to cut the surrounding concrete and use a tow truck to remove them from the scene as the Avengers retreat.<br /><br /><br />\r\n<br /><br /><br />\r\nWhilst the Avengers are retreating, Radioactive Man comments that they should follow them quickly before they find a solution for Adhesive X. Baron Zemo realises that if the Avengers can create a solution then he finally be free from his mask, he begins secretly plotting to steal it.<br /><br /><br />\r\n<br /><br /><br />\r\nBack at Tony Stark''s mansion, the Avengers are unable to free Ant-Man and Captain America. The Wasp has the idea to call the police to ask the advice of a criminal called Paste-Pot Pete who is the Worlds Greatest Authority on Pastes and Adhesives.<br /><br /><br />\r\n<br /><br /><br />\r\nIron Man then flies off to retrieve the Super-Disolver that Paste-Pot Pete offers in lieu of a reduced sentence.<br /><br /><br />\r\n<br /><br /><br />\r\nOnce Captain America and Ant-Man are free they decide to switch their opponents around so they cannot exploit their tactics.<br /><br /><br />\r\n<br /><br /><br />\r\nCaptain America, believing he knows who is leading the Master''s of Evil, calls in the Teen Brigade to carry out their own mission. They quietly incapacitate Zemo''s pilot and switch out the Adhesive X for the Super Dissolver. This causes the Master''s of Evil to unwittingly free the citizens they had previously trapped with Adhesive X.<br /><br /><br />\r\n<br /><br /><br />\r\nThe Black Knight is then taken down by Thor, Radioactive Man is taken down by the teamwork of Iron Man and Ant-Man. Iron Man is forced to confront The Melter but is able to defeat him.<br /><br /><br />\r\n<br /><br /><br />\r\nAs the Teen Brigade leave to rejoin Captain America they are caught by Baron Zemo who hypnotises them into obeying him. They are rescued by Captain America who at long last confronts Zemo and eventually drives him off as Zemo''s pilot rescues him. Captain America is rescued by Ant-Man and The Wasp.<br /><br /><br />\r\n<br /><br /><br />\r\nAnt-Man captures the pilot as Iron Man reverses the hypnotism on the Teen Brigade.<br /><br /><br />\r\n<br /><br /><br />\r\nCaptain America reveals that the Teen Brigade switched out the Super Dissolver that Baron Zemo was going to use to remove his mask with a canister of tear gas making it easy for the police to find him. Expand Edit Report Delete<br /><br /><br />\r\nIssue: #7<br /><br /><br />\r\n<br /><br /><br />\r\n10 August 1964  Following the events of Iron Man #56, Iron Man is brought before a Special Board of Inquiry so he can explain why he failed to answer an Avengers Alarm previously.<br /><br /><br />\r\n<br /><br /><br />\r\nIron Man is suspended from the Avengers for a week which he accepts feeling he deserves it.<br /><br /><br />\r\n<br /><br /><br />\r\nMeanwhile, in Asgard, Odin has banished The Enchantress and The Executioner to Earth for attacking Thor in Journey Into Mystery #103. The exiled pair find themselves on Earth where they soon realise they are ill equipped to blend in on Earth, seeing the recent defeat of Baron Zemo in a newspaper they decide to seek him out to aid them.<br /><br /><br />\r\n<br /><br /><br />\r\nBaron Zemo is approached by projected images of The Enchantress and The Executioner. They offer to join forces and help Zemo defeat Captain America.<br /><br /><br />\r\n<br /><br /><br />\r\nAs the Avengers go their separate ways to deal with personal chores, Captain America and Rick Jones are approached by a man claiming to be the former second in command to Dr. Zemo. He tells Captain America where he can find Baron Zemo as an act of repentance for his crimes as a Nazi. As Captain America heads off the Nazi reveals himself to be The Executioner in disguise baiting a trap.<br /><br /><br />\r\n<br /><br /><br />\r\nWhilst Thor is flying through the air he hears a voice calling for him, he discovers The Enchantress who immediately ensnares him making him obey her. She places Thor in a trance where he is tricked into believing that the Avengers are evil, dangerous menaces and himself as the only person capable of defeating them. When he awakes he heads off to defeat them.<br /><br /><br />\r\n<br /><br /><br />\r\nIn the South American Jungle, Baron Zemo watches as Captain America parachutes into his trap. But the Captain manages to survive the initial trap and moves onto defeat his aboriginal soldiers who are now armed with machine guns. But the Captain falls into a trap designed for large carnivores.<br /><br /><br />\r\n<br /><br /><br />\r\nBack in New York, Thor attacks the Ant Man and The Wasp by luring them into a trap. Iron Man sees the reports on the television and decides to aid them regardless of his banishment.<br /><br /><br />\r\n<br /><br /><br />\r\nNearby The Enchantress and The Executioner are watching, whilst checking on the battle between Baron Zemo and Captain America, The Enchantress is disgusted that Captain America is trapped and Zemo still hasn''t defeated him. She uses her powers to cause a cave in but Captain America uses his shield to protect himself and then use the fallen rocks to escape.<br /><br /><br />\r\n<br /><br /><br />\r\nBaron Zemo attempts to use his Vibra-Gun on Captain America, but Captain America is faster defeats them and uses the gun on them. Baron Zemo attempts to flee using his secret plane but Captain America uses the magnets in his shield to latch on and travel back with him secretly.<br /><br /><br />\r\n<br /><br /><br />\r\nIn New York, Thor has managed to break out of Iron Man''s hold and continue attacking. Realising that Thor must be under some form of hypnosis he blinds Thor with the sun''s reflection breaking the spell of The Enchantress. <br /><br /><br />\r\n<br /><br /><br />\r\nSensing Baron Zemo approaching she guides him to the Avengers but Captain America makes his move forcing him to flee. They join up with Baron Zemo to flee only for Thor to use his hammer to send them into a space warp which could send them anywhere.', NULL, NULL, NULL, 737699300, '{"1327763858":{"comic":"1","issue_number":"6","year_published":"1964","month_published":"7","day_published":"10","image":"1327763858.jpg","comic_summary":"10 July 1964  After testing some new features that Iron Man added to Captain America''s shield and gloves, Captain America finds himself suffering depression over his displacement in time and loss of his old partner Bucky. Rick Jones attempts to comfort him and remind him that he is supposed to be training to be his sidekick. Captain America expresses his wish to confront the person that caused Bucky''s death.\\r\\n\\r\\nIn the South American Jungle Baron Zemo rules over a primitive tribe as he awaits supplies and news from civilisation. The newspaper in the supplies reveals the re-emergence of Captain America who is responsible for his being trapped beneath the mask he wears. He also reveals that he was responsible for the Captain''s time in frozen stasis and the loss of Bucky. He enlists the pilot who delivered the supplies to return him to civilisation so he can get revenge on Captain America.\\r\\n\\r\\nBack in New York the Teen Brigade are trying to reach the Avengers due to various villains terrorising the city. The Black Knight is flying over the city spraying the same adhesive that caused Baron Zemo''s mask to become attached to his face.\\r\\n\\r\\nOnce the Black Knight runs out of adhesive the Melter arrives destroying police weapons and then continuing to spray more of the adhesive that the Black Knight was spraying.\\r\\n\\r\\nRadioactive Man is also in the city spraying the adhesive and causing mayhem.\\r\\n\\r\\nIn order to defeat their enemies they find they must change tactics as their usual targets have developed counter attacks, such as Radioactive Man being able to repel Thor''s hammer or The Melter being able to damage Iron Man''s armour.\\r\\n\\r\\nDuring the fight, Ant-Man and Captain America find themselves trapped in the Adhesive X. Iron Man has to cut the surrounding concrete and use a tow truck to remove them from the scene as the Avengers retreat.\\r\\n\\r\\nWhilst the Avengers are retreating, Radioactive Man comments that they should follow them quickly before they find a solution for Adhesive X. Baron Zemo realises that if the Avengers can create a solution then he finally be free from his mask, he begins secretly plotting to steal it.\\r\\n\\r\\nBack at Tony Stark''s mansion, the Avengers are unable to free Ant-Man and Captain America. The Wasp has the idea to call the police to ask the advice of a criminal called Paste-Pot Pete who is the Worlds Greatest Authority on Pastes and Adhesives.\\r\\n\\r\\nIron Man then flies off to retrieve the Super-Disolver that Paste-Pot Pete offers in lieu of a reduced sentence.\\r\\n\\r\\nOnce Captain America and Ant-Man are free they decide to switch their opponents around so they cannot exploit their tactics.\\r\\n\\r\\nCaptain America, believing he knows who is leading the Master''s of Evil, calls in the Teen Brigade to carry out their own mission. They quietly incapacitate Zemo''s pilot and switch out the Adhesive X for the Super Dissolver. This causes the Master''s of Evil to unwittingly free the citizens they had previously trapped with Adhesive X.\\r\\n\\r\\nThe Black Knight is then taken down by Thor, Radioactive Man is taken down by the teamwork of Iron Man and Ant-Man. Iron Man is forced to confront The Melter but is able to defeat him.\\r\\n\\r\\nAs the Teen Brigade leave to rejoin Captain America they are caught by Baron Zemo who hypnotises them into obeying him. They are rescued by Captain America who at long last confronts Zemo and eventually drives him off as Zemo''s pilot rescues him. Captain America is rescued by Ant-Man and The Wasp.\\r\\n\\r\\nAnt-Man captures the pilot as Iron Man reverses the hypnotism on the Teen Brigade.\\r\\n\\r\\nCaptain America reveals that the Teen Brigade switched out the Super Dissolver that Baron Zemo was going to use to remove his mask with a canister of tear gas making it easy for the police to find him. Expand Edit Report Delete\\r\\nIssue: #7\\r\\n\\r\\n10 August 1964  Following the events of Iron Man #56, Iron Man is brought before a Special Board of Inquiry so he can explain why he failed to answer an Avengers Alarm previously.\\r\\n\\r\\nIron Man is suspended from the Avengers for a week which he accepts feeling he deserves it.\\r\\n\\r\\nMeanwhile, in Asgard, Odin has banished The Enchantress and The Executioner to Earth for attacking Thor in Journey Into Mystery #103. The exiled pair find themselves on Earth where they soon realise they are ill equipped to blend in on Earth, seeing the recent defeat of Baron Zemo in a newspaper they decide to seek him out to aid them.\\r\\n\\r\\nBaron Zemo is approached by projected images of The Enchantress and The Executioner. They offer to join forces and help Zemo defeat Captain America.\\r\\n\\r\\nAs the Avengers go their separate ways to deal with personal chores, Captain America and Rick Jones are approached by a man claiming to be the former second in command to Dr. Zemo. He tells Captain America where he can find Baron Zemo as an act of repentance for his crimes as a Nazi. As Captain America heads off the Nazi reveals himself to be The Executioner in disguise baiting a trap.\\r\\n\\r\\nWhilst Thor is flying through the air he hears a voice calling for him, he discovers The Enchantress who immediately ensnares him making him obey her. She places Thor in a trance where he is tricked into believing that the Avengers are evil, dangerous menaces and himself as the only person capable of defeating them. When he awakes he heads off to defeat them.\\r\\n\\r\\nIn the South American Jungle, Baron Zemo watches as Captain America parachutes into his trap. But the Captain manages to survive the initial trap and moves onto defeat his aboriginal soldiers who are now armed with machine guns. But the Captain falls into a trap designed for large carnivores.\\r\\n\\r\\nBack in New York, Thor attacks the Ant Man and The Wasp by luring them into a trap. Iron Man sees the reports on the television and decides to aid them regardless of his banishment.\\r\\n\\r\\nNearby The Enchantress and The Executioner are watching, whilst checking on the battle between Baron Zemo and Captain America, The Enchantress is disgusted that Captain America is trapped and Zemo still hasn''t defeated him. She uses her powers to cause a cave in but Captain America uses his shield to protect himself and then use the fallen rocks to escape.\\r\\n\\r\\nBaron Zemo attempts to use his Vibra-Gun on Captain America, but Captain America is faster defeats them and uses the gun on them. Baron Zemo attempts to flee using his secret plane but Captain America uses the magnets in his shield to latch on and travel back with him secretly.\\r\\n\\r\\nIn New York, Thor has managed to break out of Iron Man''s hold and continue attacking. Realising that Thor must be under some form of hypnosis he blinds Thor with the sun''s reflection breaking the spell of The Enchantress. \\r\\n\\r\\nSensing Baron Zemo approaching she guides him to the Avengers but Captain America makes his move forcing him to flee. They join up with Baron Zemo to flee only for Thor to use his hammer to send them into a space warp which could send them anywhere.","arc_events":false,"characters":["51"],"character_events":[""],"arc_id":false,"previous_event_id":false,"next_event_id":false}}', 0, '', 'published', '2012-06-16 13:00:00'),
(76, 7, 1964, 8, 10, 1, '1327763962.jpg', 'Following the events of Iron Man #56, Iron Man is brought before a Special Board of Inquiry so he can explain why he failed to answer an Avengers Alarm previously.<br /><br /><br />\r\n<br /><br /><br />\r\nIron Man is suspended from the Avengers for a week which he accepts feeling he deserves it.<br /><br /><br />\r\n<br /><br /><br />\r\nMeanwhile, in Asgard, Odin has banished The Enchantress and The Executioner to Earth for attacking Thor in Journey Into Mystery #103. The exiled pair find themselves on Earth where they soon realise they are ill equipped to blend in on Earth, seeing the recent defeat of Baron Zemo in a newspaper they decide to seek him out to aid them.<br /><br /><br />\r\n<br /><br /><br />\r\nBaron Zemo is approached by projected images of The Enchantress and The Executioner. They offer to join forces and help Zemo defeat Captain America.<br /><br /><br />\r\n<br /><br /><br />\r\nAs the Avengers go their separate ways to deal with personal chores, Captain America and Rick Jones are approached by a man claiming to be the former second in command to Dr. Zemo. He tells Captain America where he can find Baron Zemo as an act of repentance for his crimes as a Nazi. As Captain America heads off the Nazi reveals himself to be The Executioner in disguise baiting a trap.<br /><br /><br />\r\n<br /><br /><br />\r\nWhilst Thor is flying through the air he hears a voice calling for him, he discovers The Enchantress who immediately ensnares him making him obey her. She places Thor in a trance where he is tricked into believing that the Avengers are evil, dangerous menaces and himself as the only person capable of defeating them. When he awakes he heads off to defeat them.<br /><br /><br />\r\n<br /><br /><br />\r\nIn the South American Jungle, Baron Zemo watches as Captain America parachutes into his trap. But the Captain manages to survive the initial trap and moves onto defeat his aboriginal soldiers who are now armed with machine guns. But the Captain falls into a trap designed for large carnivores.<br /><br /><br />\r\n<br /><br /><br />\r\nBack in New York, Thor attacks the Ant Man and The Wasp by luring them into a trap. Iron Man sees the reports on the television and decides to aid them regardless of his banishment.<br /><br /><br />\r\n<br /><br /><br />\r\nNearby The Enchantress and The Executioner are watching, whilst checking on the battle between Baron Zemo and Captain America, The Enchantress is disgusted that Captain America is trapped and Zemo still hasn''t defeated him. She uses her powers to cause a cave in but Captain America uses his shield to protect himself and then use the fallen rocks to escape.<br /><br /><br />\r\n<br /><br /><br />\r\nBaron Zemo attempts to use his Vibra-Gun on Captain America, but Captain America is faster defeats them and uses the gun on them. Baron Zemo attempts to flee using his secret plane but Captain America uses the magnets in his shield to latch on and travel back with him secretly.<br /><br /><br />\r\n<br /><br /><br />\r\nIn New York, Thor has managed to break out of Iron Man''s hold and continue attacking. Realising that Thor must be under some form of hypnosis he blinds Thor with the sun''s reflection breaking the spell of The Enchantress. <br /><br /><br />\r\n<br /><br /><br />\r\nSensing Baron Zemo approaching she guides him to the Avengers but Captain America makes his move forcing him to flee. They join up with Baron Zemo to flee only for Thor to use his hammer to send them into a space warp which could send them anywhere.', NULL, NULL, NULL, 737699300, '{"1327763962":{"comic":"1","issue_number":"7","year_published":"1964","month_published":"8","day_published":"10","image":"1327763962.jpg","comic_summary":"Following the events of Iron Man #56, Iron Man is brought before a Special Board of Inquiry so he can explain why he failed to answer an Avengers Alarm previously.\\r\\n\\r\\nIron Man is suspended from the Avengers for a week which he accepts feeling he deserves it.\\r\\n\\r\\nMeanwhile, in Asgard, Odin has banished The Enchantress and The Executioner to Earth for attacking Thor in Journey Into Mystery #103. The exiled pair find themselves on Earth where they soon realise they are ill equipped to blend in on Earth, seeing the recent defeat of Baron Zemo in a newspaper they decide to seek him out to aid them.\\r\\n\\r\\nBaron Zemo is approached by projected images of The Enchantress and The Executioner. They offer to join forces and help Zemo defeat Captain America.\\r\\n\\r\\nAs the Avengers go their separate ways to deal with personal chores, Captain America and Rick Jones are approached by a man claiming to be the former second in command to Dr. Zemo. He tells Captain America where he can find Baron Zemo as an act of repentance for his crimes as a Nazi. As Captain America heads off the Nazi reveals himself to be The Executioner in disguise baiting a trap.\\r\\n\\r\\nWhilst Thor is flying through the air he hears a voice calling for him, he discovers The Enchantress who immediately ensnares him making him obey her. She places Thor in a trance where he is tricked into believing that the Avengers are evil, dangerous menaces and himself as the only person capable of defeating them. When he awakes he heads off to defeat them.\\r\\n\\r\\nIn the South American Jungle, Baron Zemo watches as Captain America parachutes into his trap. But the Captain manages to survive the initial trap and moves onto defeat his aboriginal soldiers who are now armed with machine guns. But the Captain falls into a trap designed for large carnivores.\\r\\n\\r\\nBack in New York, Thor attacks the Ant Man and The Wasp by luring them into a trap. Iron Man sees the reports on the television and decides to aid them regardless of his banishment.\\r\\n\\r\\nNearby The Enchantress and The Executioner are watching, whilst checking on the battle between Baron Zemo and Captain America, The Enchantress is disgusted that Captain America is trapped and Zemo still hasn''t defeated him. She uses her powers to cause a cave in but Captain America uses his shield to protect himself and then use the fallen rocks to escape.\\r\\n\\r\\nBaron Zemo attempts to use his Vibra-Gun on Captain America, but Captain America is faster defeats them and uses the gun on them. Baron Zemo attempts to flee using his secret plane but Captain America uses the magnets in his shield to latch on and travel back with him secretly.\\r\\n\\r\\nIn New York, Thor has managed to break out of Iron Man''s hold and continue attacking. Realising that Thor must be under some form of hypnosis he blinds Thor with the sun''s reflection breaking the spell of The Enchantress. \\r\\n\\r\\nSensing Baron Zemo approaching she guides him to the Avengers but Captain America makes his move forcing him to flee. They join up with Baron Zemo to flee only for Thor to use his hammer to send them into a space warp which could send them anywhere.","arc_events":false,"characters":["51"],"character_events":[""],"arc_id":false,"previous_event_id":false,"next_event_id":false}}', 0, '', 'published', '2012-06-16 13:00:00');
INSERT INTO `mu_event` (`id`, `issue_number`, `year_published`, `month_published`, `day_published`, `comic`, `image`, `summary`, `arc_id`, `previous_event_id`, `next_event_id`, `added_by`, `edited_by`, `reported_count`, `report_history`, `status`, `date_added`) VALUES
(78, 1, 2004, 12, 1, 14, '1328058121.jpg', 'Max Dillon a.k.a Electro, is discussing a job with a mysterious stranger hidden by the shadows.<br /><br />\r\n<br /><br />\r\nAt the Ryker''s Maximum Security Installation known as The Raft, Matt Murdock and Foggy Nelson, accompanied by Luke Cage are greeted by Jessica Drew.  As she escorts them through the facility Luke sees that they have the Purple Man there.  Jessica assures them that they are held deep within the facility and kept dosed on drugs to keep them compliant.<br /><br />\r\n<br /><br />\r\nAs they reach the lower levels and the cells the power fails and they are plunged into darkness unaware that the rest of New York is also in darkness.<br /><br />\r\n<br /><br />\r\nHaving interrupted his night with MJ, Peter dons his Spiderman costume and heads out to investigate the visible electrical disturbance at The Raft by clinging to a helicopter heading that way.<br /><br />\r\n<br /><br />\r\nOn route the helicopter is struck by a lightning bolt and crashes into The Raft.  Spiderman is pulled from the water by the chopper''s passenger, Captain America.<br /><br />\r\n<br /><br />\r\nBack inside Electro has freed a specific prisoner as well as the others.  He warns them that they all owe him.<br /><br />\r\n<br /><br />\r\nMatt Murdock orders Foggy to stay behind Luke Cage as he is the bodyguard as he has Jessica take to the man they came to see, Robert Reynolds, The Sentry, a man who turned himself in because he claimed he killed his wife.', NULL, NULL, NULL, 100002077828287, '{"1328058121_100002077828287":{"comic":"14","issue_number":"1","year_published":"2004","month_published":"12","day_published":"1","image":"1328058121.jpg","comic_summary":"Max Dillon a.k.a Electro, is discussing a job with a mysterious stranger hidden by the shadows.\\r\\n\\r\\nAt the Ryker''s Maximum Security Installation known as The Raft, Matt Murdock and Foggy Nelson, accompanied by Luke Cage are greeted by Jessica Drew.  As she escorts them through the facility Luke sees that they have the Purple Man there.  Jessica assures them that they are held deep within the facility and kept dosed on drugs to keep them compliant.\\r\\n\\r\\nAs they reach the lower levels and the cells the power fails and they are plunged into darkness unaware that the rest of New York is also in darkness.\\r\\n\\r\\nHaving interrupted his night with MJ, Peter dons his Spiderman costume and heads out to investigate the visible electrical disturbance at The Raft by clinging to a helicopter heading that way.\\r\\n\\r\\nOn route the helicopter is struck by a lightning bolt and crashes into The Raft.  Spiderman is pulled from the water by the chopper''s passenger, Captain America.\\r\\n\\r\\n","arc_events":false,"characters":["51"],"character_events":[""],"arc_id":false,"previous_event_id":false,"next_event_id":false},"1328218660_100002077828287":{"comic":"14","issue_number":"1","year_published":"2004","month_published":"12","day_published":"1","image":"1328058121.jpg","summary":"Max Dillon a.k.a Electro, is discussing a job with a mysterious stranger hidden by the shadows.\\r\\n\\r\\nAt the Ryker''s Maximum Security Installation known as The Raft, Matt Murdock and Foggy Nelson, accompanied by Luke Cage are greeted by Jessica Drew.  As she escorts them through the facility Luke sees that they have the Purple Man there.  Jessica assures them that they are held deep within the facility and kept dosed on drugs to keep them compliant.\\r\\n\\r\\nAs they reach the lower levels and the cells the power fails and they are plunged into darkness unaware that the rest of New York is also in darkness.\\r\\n\\r\\nHaving interrupted his night with MJ, Peter dons his Spiderman costume and heads out to investigate the visible electrical disturbance at The Raft by clinging to a helicopter heading that way.\\r\\n\\r\\nOn route the helicopter is struck by a lightning bolt and crashes into The Raft.  Spiderman is pulled from the water by the chopper''s passenger, Captain America.\\r\\n\\r\\nBack inside Electro has freed a specific prisoner as well as the others.  He warns them that they all owe him.\\r\\n\\r\\nMatt Murdock orders Foggy to stay behind Luke Cage as he is the bodyguard as he has Jessica take to the man they came to see, Robert Reynolds, The Sentry, a man who turned himself in because he claimed he killed his wife.","arc_events":[""],"arc_id":null,"previous_event_id":null,"next_event_id":null,"character_events":{"69":"Electro takes a job which appears to involve breaking a specific prisoner out of The Raft, a Maximum Security Prison Installation which is a part of Ryker''s Island.  He offers to do the job with or without his mask, but when they leave it to him he chooses the mask.<br \\/>\\r\\n<br \\/>\\r\\nAfter freeing the prisoners and collecting his target, he tells the remaining prisoners that they owe him.","64":"Luke Cage is hired by Matt Murdock as a bodyguard for himself and Foggy Nelson as they visit The Raft.  He is not pleased to find the Purple Man alive and a prisoner suggesting they should be killed.","63":"Jessica is their assigned S.H.I.E.L.D super powered hero for the trip.  It is policy for them to be accompanied by one.<br \\/>\\r\\n<br \\/>\\r\\n"}}}', 0, '', 'published', '2012-06-16 13:00:00'),
(79, 5, 2005, 4, 27, 14, '1328058648.jpg', 'Whilst Iron Man, Spiderman and Captain America deal with an attacking T-Rex like dinosaur, Luke Cage and Spider Woman deal with a feral Wolverine who has stumbled upon them and tried to attack them, but Spider Woman quickly disables him with his own claws.<br /><br /><br />\r\n<br /><br /><br />\r\nOnce they have calmed him down he explains that he was there tracking Lykos who Wolverine suspects is involved in the breakout at The Raft.<br /><br /><br />\r\n<br /><br /><br />\r\nThey are suddenly surrounded and attacked by Savage Land Mutates.  On discovering that many of their powers aren''t working they are made to sleep by a Mutate.<br /><br /><br />\r\n<br /><br /><br />\r\nThey wake up to find them selves hanging by their arms from the ceiling, naked.<br /><br /><br />\r\n<br /><br /><br />\r\nCaptain America demands to speak to Lykos who appears and informs them that he was forced by the US government to murder other mutants.  Lykos orders them killed but Tony Stark activates his armour which builds itself up and begins to attack the mutates.<br /><br /><br />\r\n<br /><br /><br />\r\nIn the ensuing battle Lykos transforms into Sauron but is shot by a S.H.I.E.L.D agent that arrives on the scene with a team.', NULL, NULL, NULL, 737699300, '{"1328058648_737699300":{"comic":"14","issue_number":"5","year_published":"2005","month_published":"4","day_published":"27","image":"1328058648.jpg","comic_summary":"Whilst Iron Man, Spiderman and Captain America deal with an attacking T-Rex like dinosaur, Luke Cage and Spider Woman deal with a feral Wolverine who has stumbled upon them and tried to attack them, but Spider Woman quickly disables him with his own claws.\\r\\n\\r\\nOnce they have calmed him down he explains that he was there tracking Lykos who Wolverine suspects is involved in the breakout at The Raft.\\r\\n\\r\\nThey are suddenly surrounded and attacked by Savage Land Mutates.  On discovering that many of their powers aren''t working they are made to sleep by a Mutate.\\r\\n\\r\\nThey wake up to find them selves hanging by their arms from the ceiling, naked.\\r\\n\\r\\nCaptain America demands to speak to Lykos who appears and informs them that he was forced by the US government to murder other mutants.  Lykos orders them killed but Tony Stark activates his armour which builds itself up and begins to attack the mutates.\\r\\n\\r\\nIn the ensuing battle Lykos transforms into Sauron but is shot by a S.H.I.E.L.D agent that arrives on the scene with a team.","arc_events":false,"characters":["9","63"],"character_events":["Wolverine appears after being alerted by a former criminal mutant to the escape of Karl Lycos from The Raft.  He claims he is the only one who came as the others have a school to run.","Spider-Woman has difficulty believing that S.H.I.E.L.D is involved in illegal activities such as mining Vibranium or using Sauron to kill other mutants."],"arc_id":false,"previous_event_id":false,"next_event_id":false}}', 0, '', 'published', '2012-06-16 13:00:00'),
(80, 6, 2005, 6, 22, 14, '1328135892.jpg', 'After Spider Woman fails to talk down the S.H.I.E.L.D agents, Yelena Belova, another ''Black Widow'' and the leader of the S.H.I.E.L.D agents opens fire as Iron Man flies them out of the way.  Wolverine incapacitates Yelena as Iron Man disarms the agents with a polar magnetic field.<br /><br /><br />\r\n<br /><br /><br />\r\nSpider Woman interrogates Yelena but they are interrupted by a Sauron who sets Yelena on fire and she runs into the jungle.<br /><br /><br />\r\n<br /><br /><br />\r\nLuke Cage takes down Sauron and they take him with them as they investigate an anomaly detected by Iron Man.<br /><br /><br />\r\n<br /><br /><br />\r\nThey discover a S.H.I.E.L.D operation which has enslaved the natives and forced them to mine for Vibranium.<br /><br /><br />\r\n<br /><br /><br />\r\nThey immediately attack the operation to free the slaves but Iron Man is forced to shield them when Maria Hill arrives and fires on the compound killing them all.<br /><br /><br />\r\n<br /><br /><br />\r\nCaptain America is enraged but Wolverine tells him that she might be telling the truth about not meaning to attack the New Avengers.<br /><br /><br />\r\n<br /><br /><br />\r\nTalking privately, Iron Man informs them that the files S.H.I.E.L.D gave them from The Raft were incomplete and tampered with.  S.H.I.E.L.D was holding prisoners who were declared dead.  They suspect a conspiracy.<br /><br /><br />\r\n<br /><br /><br />\r\nCaptain America offers them the chance to leave the team in light of the new information but Tony instead invites Wolverine to join over Captain America''s objections, who claims he is a murderer.  Tony points out that he is a samurai warrior, and that is different.<br /><br /><br />\r\n<br /><br /><br />\r\nYelena is seen badly burned and bandaged in a hospital bed as someone talks to her and offers her a chance to get everything back.', NULL, NULL, NULL, 737699300, '{"1328135892_737699300":{"comic":"14","issue_number":"6","year_published":"2005","month_published":"6","day_published":"22","image":"1328135892.jpg","comic_summary":"After Spider Woman fails to talk down the S.H.I.E.L.D agents, Yelena Belova, another ''Black Widow'' and the leader of the S.H.I.E.L.D agents opens fire as Iron Man flies them out of the way.  Wolverine incapacitates Yelena as Iron Man disarms the agents with a polar magnetic field.\\r\\n\\r\\nSpider Woman interrogates Yelena but they are interrupted by a Sauron who sets Yelena on fire and she runs into the jungle.\\r\\n\\r\\nLuke Cage takes down Sauron and they take him with them as they investigate an anomaly detected by Iron Man.\\r\\n\\r\\nThey discover a S.H.I.E.L.D operation which has enslaved the natives and forced them to mine for Vibranium.\\r\\n\\r\\nThey immediately attack the operation to free the slaves but Iron Man is forced to shield them when Maria Hill arrives and fires on the compound killing them all.\\r\\n\\r\\nCaptain America is enraged but Wolverine tells him that she might be telling the truth about not meaning to attack the New Avengers.\\r\\n\\r\\nTalking privately, Iron Man informs them that the files S.H.I.E.L.D gave them from The Raft were incomplete and tampered with.  S.H.I.E.L.D was holding prisoners who were declared dead.  They suspect a conspiracy.\\r\\n\\r\\nCaptain America offers them the chance to leave the team in light of the new information but Tony instead invites Wolverine to join over Captain America''s objections, who claims he is a murderer.  Tony points out that he is a samurai warrior, and that is different.\\r\\n\\r\\nYelena is seen badly burned and bandaged in a hospital bed as someone talks to her and offers her a chance to get everything back.","arc_events":false,"characters":["51"],"character_events":[""],"arc_id":false,"previous_event_id":false,"next_event_id":false}}', 0, '', 'published', '2012-06-16 13:00:00'),
(81, 7, 2005, 7, 13, 14, '1328145731.jpg', 'Iron Man attends a meeting consisting of Stephen Strange, Reed Richards, Charles Xavier, Black Bolt and Namor.  They discuss the forming of The New Avengers and the prison breakout, but Tony wants to discuss just who the Sentry is.<br /><br /><br />\r\n<br /><br /><br />\r\nIn Long Island a girl is sunbathing when a large man grabs her by her pool and forces her to take him to his things which her father had bought.  Her father collects super-villain items and he bought the mans, he is The Wrecker.  He forces her into the car but as they pull out of the garage they are confronted by the New Avengers.<br /><br /><br />\r\n<br /><br /><br />\r\nIn the ensuing fight The Wrecker is more than able to hold his own again Wolverine, Luke Cage, Spiderman and Spider-Woman.<br /><br /><br />\r\n<br /><br /><br />\r\nMeanwhile, Captain America and Iron Man go to the Nevada Dessert where S.H.I.E.L.D has found The Sentry.  The Sentry explains that when he uses his power it creates The Void who attacks the planet and kills.  He claims it killed his wife but Iron Man has brought his wife along... and the man who created The Sentry, The Sentry is a comic book character.', NULL, NULL, NULL, 737699300, '{"1328145731_737699300":{"comic":"14","issue_number":"7","year_published":"2005","month_published":"7","day_published":"13","image":"1328145731.jpg","comic_summary":"Iron Man attends a meeting consisting of Stephen Strange, Reed Richards, Charles Xavier, Black Bolt and Namor.  They discuss the forming of The New Avengers and the prison breakout, but Tony wants to discuss just who the Sentry is.\\r\\n\\r\\nIn Long Island a girl is sunbathing when a large man grabs her by her pool and forces her to take him to his things which her father had bought.  Her father collects super-villain items and he bought the mans, he is The Wrecker.  He forces her into the car but as they pull out of the garage they are confronted by the New Avengers.\\r\\n\\r\\nIn the ensuing fight The Wrecker is more than able to hold his own again Wolverine, Luke Cage, Spiderman and Spider-Woman.\\r\\n\\r\\nMeanwhile, Captain America and Iron Man go to the Nevada Dessert where S.H.I.E.L.D has found The Sentry.  The Sentry explains that when he uses his power it creates The Void who attacks the planet and kills.  He claims it killed his wife but Iron Man has brought his wife along... and the man who created The Sentry, The Sentry is a comic book character.","arc_events":false,"characters":["51"],"character_events":[""],"arc_id":false,"previous_event_id":false,"next_event_id":false}}', 0, '', 'published', '2012-06-16 13:00:00'),
(82, 8, 2005, 8, 3, 14, '1328227225.jpg', 'The Sentry reads his life in a comic book as the New Avengers and S.H.I.E.L.D agents look on.  They don''t know who The Sentry is beyond a comic book character, but they do know who Bob Reynolds is.<br /><br /><br />\r\n<br /><br /><br />\r\nThe scene flashes back to a week prior where Tony Stark attempts to talk Logan into joining the New Avengers.  He eventually resorts to bribery, or ''trading'' as he calls it.<br /><br /><br />\r\n<br /><br /><br />\r\nBack in the present they are still fighting The Wrecker.  Spider-Woman doesn''t fight, claiming she wants to help.<br /><br /><br />\r\n<br /><br /><br />\r\nIn Nevada, Bob Reynolds wife, Lindy, attempts to talk to him but he refuses to believe she is alive and he vanishes in a huge explosion of light.<br /><br /><br />\r\n<br /><br /><br />\r\nMeanwhile Spider-Woman has lulled The Wrecker into a slight trance as she asks him what he wants in life, but it is just stall tactic to distract him for Wolverine and the others to re-group and attack.  They manage to trap him in one of Spiderman''s webs.<br /><br /><br />\r\n<br /><br /><br />\r\nTony Stark orders them to Connecticut.<br /><br /><br />\r\n<br /><br /><br />\r\nBob Reynolds has fallen asleep in front of his TV but is woken by Emma Frost appearing on his screen and talking to him.  He tells him to go outside where he finds an array of superheroes assembled.  Bob falls to his knees as he tells them he warned them that The Void was coming.', NULL, NULL, NULL, 737699300, '{"1328227225_737699300":{"comic":"14","issue_number":"8","year_published":"2005","month_published":"8","day_published":"3","image":"1328227225.jpg","comic_summary":"The Sentry reads his life in a comic book as the New Avengers and S.H.I.E.L.D agents look on.  They don''t know who The Sentry is beyond a comic book character, but they do know who Bob Reynolds is.\\r\\n\\r\\nThe scene flashes back to a week prior where Tony Stark attempts to talk Logan into joining the New Avengers.  He eventually resorts to bribery, or ''trading'' as he calls it.\\r\\n\\r\\nBack in the present they are still fighting The Wrecker.  Spider-Woman doesn''t fight, claiming she wants to help.\\r\\n\\r\\nIn Nevada, Bob Reynolds wife, Lindy, attempts to talk to him but he refuses to believe she is alive and he vanishes in a huge explosion of light.\\r\\n\\r\\nMeanwhile Spider-Woman has lulled The Wrecker into a slight trance as she asks him what he wants in life, but it is just stall tactic to distract him for Wolverine and the others to re-group and attack.  They manage to trap him in one of Spiderman''s webs.\\r\\n\\r\\nTony Stark orders them to Connecticut.\\r\\n\\r\\nBob Reynolds has fallen asleep in front of his TV but is woken by Emma Frost appearing on his screen and talking to him.  He tells him to go outside where he finds an array of superheroes assembled.  Bob falls to his knees as he tells them he warned them that The Void was coming.","arc_events":false,"characters":["51"],"character_events":[""],"arc_id":false,"previous_event_id":false,"next_event_id":false}}', 0, '', 'published', '2012-06-16 13:00:00'),
(83, 9, 2005, 8, 24, 14, '1328578637.jpg', 'The Illuminate are still in their meeting as the story jumps between the present and the future.  They are investigating Bob Reynolds a.k.a The Sentry.  Professor X discovers that someone has tampered with Reed Richards memories of The Sentry.<br /><br /><br />\r\n<br /><br /><br />\r\nIn the present the assembled heroes who have gathered outside the home of Bob Reynolds find themselves under attack by The Void.  Whilst the others defend them, Emma Frost and Reed Richards show Bob a recording of himself explaining how he creates The Void and about himself and that if all else fails they should just kill him.  With Bob''s consent Emma enters his mind to help him deal with The Void.<br /><br /><br />\r\n<br /><br /><br />\r\nEmma finds that hidden behind his memories are scenes involving Mastermind and a mysterious figure.  Mastermind is explaining how he was able to alter his memories and make it so that Bob Reynolds would unknowingly alter the memories of everyone else and essentially erase The Sentry.<br /><br /><br />\r\n<br /><br /><br />\r\nBob is horrified by the memory and flees into his mind, abandoning Emma.', NULL, NULL, NULL, 737699300, '{"1328578637_737699300":{"comic":"14","issue_number":"9","year_published":"2005","month_published":"8","day_published":"24","image":"1328578637.jpg","comic_summary":"The Illuminate are still in their meeting as the story jumps between the present and the future.  They are investigating Bob Reynolds a.k.a The Sentry.  Professor X discovers that someone has tampered with Reed Richards memories of The Sentry.\\r\\n\\r\\nIn the present the assembled heroes who have gathered outside the home of Bob Reynolds find themselves under attack by The Void.  Whilst the others defend them, Emma Frost and Reed Richards show Bob a recording of himself explaining how he creates The Void and about himself and that if all else fails they should just kill him.  With Bob''s consent Emma enters his mind to help him deal with The Void.\\r\\n\\r\\nEmma finds that hidden behind his memories are scenes involving Mastermind and a mysterious figure.  Mastermind is explaining how he was able to alter his memories and make it so that Bob Reynolds would unknowingly alter the memories of everyone else and essentially erase The Sentry.\\r\\n\\r\\nBob is horrified by the memory and flees into his mind, abandoning Emma.","arc_events":false,"characters":["51"],"character_events":[""],"arc_id":false,"previous_event_id":false,"next_event_id":false}}', 0, '', 'published', '2012-06-16 13:00:00'),
(84, 10, 2005, 9, 21, 14, '1328579805.jpg', 'Whilst being held on board the S.H.I.E.L.D Hellicarrier, Mrs Lindy Reynolds, the wife of Bob Reynolds collapses whilst waiting with Mr. Jenkins, the man who wrote The Sentry comics.<br /><br /><br />\r\n<br /><br /><br />\r\nShe awakens to find herself with Emma Frost in her husbands mind.  Emma explains that she needs her help to bring her husband back.  She uses a memory of one of her first dates with a young Bob Reynolds which allows Emma to approach Bob again.<br /><br /><br />\r\n<br /><br /><br />\r\nEmma is able to talk to Bob and calm him which causes The Void to become motionless and give the heroes a chance to breathe.<br /><br /><br />\r\n<br /><br /><br />\r\nThey leave his mind where the heroes pick themselves off of the floor.  The Avengers invite Bob to join them and Emma unlocks his powers fully.<br /><br /><br />\r\n<br /><br /><br />\r\nJarvis calls them back to the tower where The Sentry''s Watchtower has appeared atop the tower.  Bob explains he must have been hiding.  He enters the structure which he claims holds his life leaving the Avengers behind as they promise they will still be there.<br /><br /><br />\r\n<br /><br /><br />\r\nBack with the Illuminate, Namor warns Tony to call them together should The Sentry start to slip.  Reed questions Tony about the rumours of S.H.I.E.L.D being in The Savage Land and if there is anything they need to worry about.  Tony tells them there is nothing they need to know.', NULL, NULL, NULL, 737699300, '{"1328579805_737699300":{"comic":"14","issue_number":"10","year_published":"2005","month_published":"9","day_published":"21","image":"1328579805.jpg","comic_summary":"Whilst being held on board the S.H.I.E.L.D Hellicarrier, Mrs Lindy Reynolds, the wife of Bob Reynolds collapses whilst waiting with Mr. Jenkins, the man who wrote The Sentry comics.\\r\\n\\r\\nShe awakens to find herself with Emma Frost in her husbands mind.  Emma explains that she needs her help to bring her husband back.  She uses a memory of one of her first dates with a young Bob Reynolds which allows Emma to approach Bob again.\\r\\n\\r\\nEmma is able to talk to Bob and calm him which causes The Void to become motionless and give the heroes a chance to breathe.\\r\\n\\r\\nThey leave his mind where the heroes pick themselves off of the floor.  The Avengers invite Bob to join them and Emma unlocks his powers fully.\\r\\n\\r\\nJarvis calls them back to the tower where The Sentry''s Watchtower has appeared atop the tower.  Bob explains he must have been hiding.  He enters the structure which he claims holds his life leaving the Avengers behind as they promise they will still be there.\\r\\n\\r\\nBack with the Illuminate, Namor warns Tony to call them together should The Sentry start to slip.  Reed questions Tony about the rumours of S.H.I.E.L.D being in The Savage Land and if there is anything they need to worry about.  Tony tells them there is nothing they need to know.","arc_events":false,"characters":["51"],"character_events":[""],"arc_id":false,"previous_event_id":false,"next_event_id":false}}', 0, '', 'published', '2012-06-16 13:00:00'),
(85, 21, 2005, 12, 14, 13, '1330085863.jpg', 'One year prior to M-Day:<br /><br /><br />\r\n<br /><br /><br />\r\nWilliam Stryker saves a man from a car crash by preventing him from entering it.  He uses the event to entice the man to join him.<br /><br /><br />\r\n<br /><br /><br />\r\nPresent Day:<br /><br /><br />\r\n<br /><br /><br />\r\nWhilst Forge presents Surge with improved gloves, the other students are discussing what will happen to those of them who have been de-powered.<br /><br /><br />\r\n<br /><br /><br />\r\nStryker appears on the news and essentially tells the world that M-Day was an act of God and that it is up to them to finish what he started.  Icarus buys into the rhetoric and gets into an argument with the others, Prodigy insists they stick together but Hellion accuses him of not being part of ''them'' any more as he is now a human.<br /><br /><br />\r\n<br /><br /><br />\r\nSofia over hears him and argues with him before storming off.<br /><br /><br />\r\n<br /><br /><br />\r\nAs Surge and Hellion are about to get into a fight, Wolverine interrupts and introduces them to X-23, Laura, he calls her his sister.<br /><br /><br />\r\n<br /><br /><br />\r\nProdigy talks Surge out of the fight by offering them a better way to let of steam.<br /><br /><br />\r\n<br /><br /><br />\r\nEmma and Scott argue over allowing X-23 to stay as Emma says she is too dangerous, but Scott is willing to trust Wolverine''s judgement and says that Laura is staying.<br /><br /><br />\r\n<br /><br /><br />\r\nProdigy shows the others the Danger Cave he made using the combined knowledge of Hank McCoy and Kitty Pryde.  Hellion and his team have followed them but Prodigy still activates the room causing a power outage in the rest of the mansion.  They attempt to run a few of the original X-Men''s missions but there are few glitches.<br /><br /><br />\r\n<br /><br /><br />\r\n10 days from the present:<br /><br /><br />\r\n<br /><br /><br />\r\nElixir walks into the infirmary to find Beast and Emma working on the injured Icarus.  Icarus wakes up and begins screaming for them to leave him alone.', 5, NULL, NULL, 737699300, '{"1330085863_737699300":{"comic":"13","issue_number":"21","year_published":"2005","month_published":"12","day_published":"14","image":"1330085863.jpg","comic_summary":"One year prior to M-Day:\\r\\n\\r\\nWilliam Stryker saves a man from a car crash by preventing him from entering it.  He uses the event to entice the man to join him.\\r\\n\\r\\nPresent Day:\\r\\n\\r\\nWhilst Forge presents Surge with improved gloves, the other students are discussing what will happen to those of them who have been de-powered.\\r\\n\\r\\nStryker appears on the news and essentially tells the world that M-Day was an act of God and that it is up to them to finish what he started.  Icarus buys into the rhetoric and gets into an argument with the others, Prodigy insists they stick together but Hellion accuses him of not being part of ''them'' any more as he is now a human.\\r\\n\\r\\nSofia over hears him and argues with him before storming off.\\r\\n\\r\\nAs Surge and Hellion are about to get into a fight, Wolverine interrupts and introduces them to X-23, Laura, he calls her his sister.\\r\\n\\r\\nProdigy talks Surge out of the fight by offering them a better way to let of steam.\\r\\n\\r\\nEmma and Scott argue over allowing X-23 to stay as Emma says she is too dangerous, but Scott is willing to trust Wolverine''s judgement and says that Laura is staying.\\r\\n\\r\\nProdigy shows the others the Danger Cave he made using the combined knowledge of Hank McCoy and Kitty Pryde.  Hellion and his team have followed them but Prodigy still activates the room causing a power outage in the rest of the mansion.  They attempt to run a few of the original X-Men''s missions but there are few glitches.\\r\\n\\r\\n10 days from the present:\\r\\n\\r\\nElixir walks into the infirmary to find Beast and Emma working on the injured Icarus.  Icarus wakes up and begins screaming for them to leave him alone.","arc_events":false,"characters":["51"],"character_events":[""],"arc_id":"5","previous_event_id":false,"next_event_id":false}}', 0, '', 'published', '2012-06-16 13:00:00'),
(86, 22, 2006, 1, 11, 13, '1330187019.jpg', 'Six months before M-Day:<br /><br /><br />\r\n<br /><br /><br />\r\nWilliam Stryker aids Matthew Risman in saving his family by warning him to get them out of the house.  He uses this event to recruit Risman to his cause.<br /><br /><br />\r\n<br /><br /><br />\r\nPresent Day:<br /><br /><br />\r\n<br /><br /><br />\r\nThe New X-Men are still trying out Prodigy''s Danger Cave but Tag and Icarus don''t feel right and leave so Cessily invites a nearby X-23 to join them.  She then proceeds to consistently save Hellion from numerous assaults much to his annoyance.<br /><br /><br />\r\n<br /><br /><br />\r\nIcarus returns and informs them that Dani is leaving.<br /><br /><br />\r\n<br /><br /><br />\r\nWither over hears Julian, Santo and Cessily discussing the fact that the de-powered mutants may be sent home and he may be sent away because he is too dangerous.  He runs off before he hears Julian assure Cessily that he won''t let that happen.<br /><br /><br />\r\n<br /><br /><br />\r\nDani says good bye to her students after which Scott assigns Laura to bunk with Sooraya.<br /><br /><br />\r\n<br /><br /><br />\r\nThat night Cessily notices that Kevin has left but Julian is too busy trying to get Sofia to talk to him to help her find him.<br /><br /><br />\r\n<br /><br /><br />\r\nEmma uses her telepathy to torture X-23 with hallucinations of her mother, but she sees through them.  Emma warns her that she will not permit her to stay.<br /><br /><br />\r\n<br /><br /><br />\r\nSeven Days from the present:<br /><br /><br />\r\n<br /><br /><br />\r\nStryker and his armies assemble and arm themselves.', 5, NULL, NULL, 737699300, '{"1330187019_737699300":{"comic":"13","issue_number":"22","year_published":"2006","month_published":"1","day_published":"11","image":"1330187019.jpg","comic_summary":"Six months before M-Day:\\r\\n\\r\\nWilliam Stryker aids Matthew Risman in saving his family by warning him to get them out of the house.  He uses this event to recruit Risman to his cause.\\r\\n\\r\\nPresent Day:\\r\\n\\r\\nThe New X-Men are still trying out Prodigy''s Danger Cave but Tag and Icarus don''t feel right and leave so Cessily invites a nearby X-23 to join them.  She then proceeds to consistently save Hellion from numerous assaults much to his annoyance.\\r\\n\\r\\nIcarus returns and informs them that Dani is leaving.\\r\\n\\r\\nWither over hears Julian, Santo and Cessily discussing the fact that the de-powered mutants may be sent home and he may be sent away because he is too dangerous.  He runs off before he hears Julian assure Cessily that he won''t let that happen.\\r\\n\\r\\nDani says good bye to her students after which Scott assigns Laura to bunk with Sooraya.\\r\\n\\r\\nThat night Cessily notices that Kevin has left but Julian is too busy trying to get Sofia to talk to him to help her find him.\\r\\n\\r\\nEmma uses her telepathy to torture X-23 with hallucinations of her mother, but she sees through them.  Emma warns her that she will not permit her to stay.\\r\\n\\r\\nSeven Days from the present:\\r\\n\\r\\nStryker and his armies assemble and arm themselves.","arc_events":false,"characters":["45"],"character_events":["Whither runs runs away from the school when he hears Julian, Cessily and Santo discussing the possibility of him being sent away because he is too dangerous."],"arc_id":"5","previous_event_id":false,"next_event_id":false}}', 0, '', 'published', '2012-06-16 13:00:00'),
(87, 23, 2006, 2, 22, 13, '1331063057.jpg', 'Eight weeks prior to M-Day:<br /><br /><br />\r\n<br /><br /><br />\r\nStryker and his Purifiers are searching through a database until Stryker comes across the name Julia Cabot.  Stryker then confronts Jay Guthrie in the church whilst he is praying and tells him that Julia is waiting for him and that God sent an angel to be with her when she died and that he was the angel, Stryker reveals Jay''s wings.<br /><br /><br />\r\n<br /><br /><br />\r\nPresent Day:<br /><br /><br />\r\n<br /><br /><br />\r\nThe previous issues forward flashes catch up with the present as Jay Guthrie is discovered by Scott and Emma on the Mansion doorstep with his wings amputated.<br /><br /><br />\r\n<br /><br /><br />\r\nElixir is keeping Wallflower company whilst she sleeps in the infirmary and is woken by their arrival.  He wants to help but his presence makes Jay hysterical.  Emma sends him away after making him forget what he saw.<br /><br /><br />\r\n<br /><br /><br />\r\nEmma assembles all the mutant students in the Danger Room and pits the students against each other in a battle, the winners are offered a chance to train as X-Men.<br /><br /><br />\r\n<br /><br /><br />\r\nEmma orders Hellion to take out X-23 first. X-23 does well whilst Hellion deals with Rockslide and Surge but Emma uses her powers to interfere and prevent X-23 from moving.<br /><br /><br />\r\n<br /><br /><br />\r\nEmma singles out Mercury, Dust, Hellion, Elixir, Rockslide and Surge to train as X-Men.  Scott who just arrives adds X-23 to the roster.  Emma assigns Surge as the team leader to the surprise of both Surge and Hellion.<br /><br /><br />\r\n<br /><br /><br />\r\nWhilst Emma gives an assembly telling the remaining mutants that they are a dieing species, Stryker addresses thousands telling them that mutants are seeds of the devil.<br /><br /><br />\r\n<br /><br /><br />\r\nThe de-powered students are smuggled out of the mansion through the Morlock tunnels to a waiting bus to take them away from the Mansion, but as they drive off a missile is fired hitting the bus and the children inside.', 5, NULL, NULL, 100002077828287, '{"1331063057_100002077828287":{"comic":"13","issue_number":"23","year_published":"2006","month_published":"2","day_published":"22","image":"1331063057.jpg","comic_summary":"Eight weeks prior to M-Day:\\r\\n\\r\\nStryker and his Purifiers are searching through a database until Stryker comes across the name Julia Cabot.  Stryker then confronts Jay Guthrie in the church whilst he is praying and tells him that Julia is waiting for him and that God sent an angel to be with her when she died and that he was the angel, Stryker reveals Jay''s wings.\\r\\n\\r\\nPresent Day:\\r\\n\\r\\nThe previous issues forward flashes catch up with the present as Jay Guthrie is discovered by Scott and Emma on the Mansion doorstep with his wings amputated.\\r\\n\\r\\nElixir is keeping Wallflower company whilst she sleeps in the infirmary and is woken by their arrival.  He wants to help but his presence makes Jay hysterical.  Emma sends him away after making him forget what he saw.\\r\\n\\r\\nEmma assembles all the mutant students in the Danger Room and pits the students against each other in a battle, the winners are offered a chance to train as X-Men.\\r\\n\\r\\nEmma orders Hellion to take out X-23 first. X-23 does well whilst Hellion deals with Rockslide and Surge but Emma uses her powers to interfere and prevent X-23 from moving.\\r\\n\\r\\nEmma singles out Mercury, Dust, Hellion, Elixir, Rockslide and Surge to train as X-Men.  Scott who just arrives adds X-23 to the roster.  Emma assigns Surge as the team leader to the surprise of both Surge and Hellion.\\r\\n\\r\\nWhilst Emma gives an assembly telling the remaining mutants that they are a dieing species, Stryker addresses thousands telling them that mutants are seeds of the devil.\\r\\n\\r\\nThe de-powered students are smuggled out of the mansion through the Morlock tunnels to a waiting bus to take them away from the Mansion, but as they drive off a missile is fired hitting the bus and the children inside.","arc_events":false,"characters":["51"],"character_events":[""],"arc_id":"5","previous_event_id":false,"next_event_id":false}}', 0, '', 'published', '2012-06-16 13:00:00');
INSERT INTO `mu_event` (`id`, `issue_number`, `year_published`, `month_published`, `day_published`, `comic`, `image`, `summary`, `arc_id`, `previous_event_id`, `next_event_id`, `added_by`, `edited_by`, `reported_count`, `report_history`, `status`, `date_added`) VALUES
(88, 1, 2004, 5, 26, 8, '1337027389.jpg', 'A young girl awakens from a nightmare and is comforted by a woman in lab coat as a mysterious figure watches from the shadows.<br /><br />\r\n<br /><br />\r\nAs Kitty Pryde returns to the X-Mansion she reminisces about her life and experiences that she had there.  She eventually phases through a wall to discover that she is late and that Emma Frost has already begun the assembly.<br /><br />\r\n<br /><br />\r\nAs Kitty joins Scott and Hank on the chairs behind Emma on the platform, Emma informs the students that she will be a new teacher at the school.<br /><br />\r\n<br /><br />\r\nIn the middle of her speech Sentinels seemingly attack the auditorium, tearing through the ceiling and sending the students into a panic.  But it was only a Danger Room simulation which Emma claims was to teach them a lesson: "They will always hate us."<br /><br />\r\n<br /><br />\r\nScott wakes up next Emma to find an angry Logan perched on the end of the bed.  Logan thinks that Scott is dishonoring Jean'' memory and they fight.<br /><br />\r\n<br /><br />\r\nLater the team is assembled in the the Danger Room and Hank berates the pair for the example they set for the students.  Scott declares that he is reassembling the X-Men to handle the things that superheroes should be doing and that he wants them all on the team.<br /><br />\r\n<br /><br />\r\nKavita Rao, the woman in the lab coat and the girl she comforted are preparing to go on stage to make an announcement.  She tells the world that mutants are not better or worse than normal humans, they are a people with a disease, and now they have a cure.<br /><br />\r\n<br /><br />\r\nMeanwhile the mysterious figure attacks an upscale party whilst the X-Men gear up to respond.', NULL, NULL, NULL, 100002077828287, '{"1331693736_100002077828287":{"comic":"8","issue_number":"1","year_published":"2004","month_published":"5","day_published":"26","image":"1331693736.jpg","comic_summary":"As Kitty Pryde returns to the X-Mansion she reminisces about her life and experiences that she had there.  She eventually phases through a wall to discover that she is late and that Emma Frost has already begun the assembly.\\r\\n\\r\\nAs Kitty joins Scott and Hank on the chairs behind Emma on the platform, Emma informs the students that she will be a new teacher at the school.\\r\\n\\r\\nIn the middle of her speech Sentinels seemingly attack the auditorium, tearing through the ceiling and sending the students into a panic.  But it was only a Danger Room simulation which Emma claims was to teach them a lesson: \\"They will always hate us.\\"\\r\\n\\r\\n","arc_events":false,"characters":["51"],"character_events":[""],"arc_id":false,"previous_event_id":false,"next_event_id":false},"1332034164_100002077828287":{"comic":"8","issue_number":"1","year_published":"2004","month_published":"5","day_published":"1","image":"1331693736.jpg","summary":"A young girl awakens from a nightmare and is comforted by a woman in lab coat as a mysterious figure watches from the shadows.\\r\\n\\r\\nAs Kitty Pryde returns to the X-Mansion she reminisces about her life and experiences that she had there.  She eventually phases through a wall to discover that she is late and that Emma Frost has already begun the assembly.\\r\\n\\r\\nAs Kitty joins Scott and Hank on the chairs behind Emma on the platform, Emma informs the students that she will be a new teacher at the school.\\r\\n\\r\\nIn the middle of her speech Sentinels seemingly attack the auditorium, tearing through the ceiling and sending the students into a panic.  But it was only a Danger Room simulation which Emma claims was to teach them a lesson: \\"They will always hate us.\\"\\r\\n\\r\\nScott wakes up next Emma to find an angry Logan perched on the end of the bed.  Logan thinks that Scott is dishonoring Jean'' memory and they fight.\\r\\n\\r\\nLater the team is assembled in the the Danger Room and Hank berates the pair for the example they set for the students.  Scott declares that he is reassembling the X-Men to handle the things that superheroes should be doing and that he wants them all on the team.\\r\\n\\r\\nKavita Rao, the woman in the lab coat and the girl she comforted are preparing to go on stage to make an announcement.  She tells the world that mutants are not better or worse than normal humans, they are a people with a disease, and now they have a cure.\\r\\n\\r\\nMeanwhile the mysterious figure attacks an upscale party whilst the X-Men gear up to respond.","arc_events":[""],"arc_id":null,"previous_event_id":null,"next_event_id":null},"1337009531_":{"comic":"8","issue_number":"1","year_published":"2004","month_published":"5","day_published":"26","image":null,"summary":"A young girl awakens from a nightmare and is comforted by a woman in lab coat as a mysterious figure watches from the shadows.\\r\\n\\r\\nAs Kitty Pryde returns to the X-Mansion she reminisces about her life and experiences that she had there.  She eventually phases through a wall to discover that she is late and that Emma Frost has already begun the assembly.\\r\\n\\r\\nAs Kitty joins Scott and Hank on the chairs behind Emma on the platform, Emma informs the students that she will be a new teacher at the school.\\r\\n\\r\\nIn the middle of her speech Sentinels seemingly attack the auditorium, tearing through the ceiling and sending the students into a panic.  But it was only a Danger Room simulation which Emma claims was to teach them a lesson: \\"They will always hate us.\\"\\r\\n\\r\\nScott wakes up next Emma to find an angry Logan perched on the end of the bed.  Logan thinks that Scott is dishonoring Jean'' memory and they fight.\\r\\n\\r\\nLater the team is assembled in the the Danger Room and Hank berates the pair for the example they set for the students.  Scott declares that he is reassembling the X-Men to handle the things that superheroes should be doing and that he wants them all on the team.\\r\\n\\r\\nKavita Rao, the woman in the lab coat and the girl she comforted are preparing to go on stage to make an announcement.  She tells the world that mutants are not better or worse than normal humans, they are a people with a disease, and now they have a cure.\\r\\n\\r\\nMeanwhile the mysterious figure attacks an upscale party whilst the X-Men gear up to respond.","arc_id":null,"previous_event_id":null,"next_event_id":null},"1337011258_":{"comic":"8","issue_number":"1","year_published":"2004","month_published":"5","day_published":"26","image":null,"summary":"A young girl awakens from a nightmare and is comforted by a woman in lab coat as a mysterious figure watches from the shadows.\\r\\n\\r\\nAs Kitty Pryde returns to the X-Mansion she reminisces about her life and experiences that she had there.  She eventually phases through a wall to discover that she is late and that Emma Frost has already begun the assembly.\\r\\n\\r\\nAs Kitty joins Scott and Hank on the chairs behind Emma on the platform, Emma informs the students that she will be a new teacher at the school.\\r\\n\\r\\nIn the middle of her speech Sentinels seemingly attack the auditorium, tearing through the ceiling and sending the students into a panic.  But it was only a Danger Room simulation which Emma claims was to teach them a lesson: \\"They will always hate us.\\"\\r\\n\\r\\nScott wakes up next Emma to find an angry Logan perched on the end of the bed.  Logan thinks that Scott is dishonoring Jean'' memory and they fight.\\r\\n\\r\\nLater the team is assembled in the the Danger Room and Hank berates the pair for the example they set for the students.  Scott declares that he is reassembling the X-Men to handle the things that superheroes should be doing and that he wants them all on the team.\\r\\n\\r\\nKavita Rao, the woman in the lab coat and the girl she comforted are preparing to go on stage to make an announcement.  She tells the world that mutants are not better or worse than normal humans, they are a people with a disease, and now they have a cure.\\r\\n\\r\\nMeanwhile the mysterious figure attacks an upscale party whilst the X-Men gear up to respond.","arc_id":null,"previous_event_id":null,"next_event_id":null},"1337016622_":{"comic":"8","issue_number":"1","year_published":"2004","month_published":"5","day_published":"26","image":null,"summary":"A young girl awakens from a nightmare and is comforted by a woman in lab coat as a mysterious figure watches from the shadows.\\r\\n\\r\\nAs Kitty Pryde returns to the X-Mansion she reminisces about her life and experiences that she had there.  She eventually phases through a wall to discover that she is late and that Emma Frost has already begun the assembly.\\r\\n\\r\\nAs Kitty joins Scott and Hank on the chairs behind Emma on the platform, Emma informs the students that she will be a new teacher at the school.\\r\\n\\r\\nIn the middle of her speech Sentinels seemingly attack the auditorium, tearing through the ceiling and sending the students into a panic.  But it was only a Danger Room simulation which Emma claims was to teach them a lesson: \\"They will always hate us.\\"\\r\\n\\r\\nScott wakes up next Emma to find an angry Logan perched on the end of the bed.  Logan thinks that Scott is dishonoring Jean'' memory and they fight.\\r\\n\\r\\nLater the team is assembled in the the Danger Room and Hank berates the pair for the example they set for the students.  Scott declares that he is reassembling the X-Men to handle the things that superheroes should be doing and that he wants them all on the team.\\r\\n\\r\\nKavita Rao, the woman in the lab coat and the girl she comforted are preparing to go on stage to make an announcement.  She tells the world that mutants are not better or worse than normal humans, they are a people with a disease, and now they have a cure.\\r\\n\\r\\nMeanwhile the mysterious figure attacks an upscale party whilst the X-Men gear up to respond.","arc_id":null,"previous_event_id":null,"next_event_id":null},"1337017028_":{"comic":"8","issue_number":"1","year_published":"2004","month_published":"5","day_published":"26","image":null,"summary":"A young girl awakens from a nightmare and is comforted by a woman in lab coat as a mysterious figure watches from the shadows.\\r\\n\\r\\nAs Kitty Pryde returns to the X-Mansion she reminisces about her life and experiences that she had there.  She eventually phases through a wall to discover that she is late and that Emma Frost has already begun the assembly.\\r\\n\\r\\nAs Kitty joins Scott and Hank on the chairs behind Emma on the platform, Emma informs the students that she will be a new teacher at the school.\\r\\n\\r\\nIn the middle of her speech Sentinels seemingly attack the auditorium, tearing through the ceiling and sending the students into a panic.  But it was only a Danger Room simulation which Emma claims was to teach them a lesson: \\"They will always hate us.\\"\\r\\n\\r\\nScott wakes up next Emma to find an angry Logan perched on the end of the bed.  Logan thinks that Scott is dishonoring Jean'' memory and they fight.\\r\\n\\r\\nLater the team is assembled in the the Danger Room and Hank berates the pair for the example they set for the students.  Scott declares that he is reassembling the X-Men to handle the things that superheroes should be doing and that he wants them all on the team.\\r\\n\\r\\nKavita Rao, the woman in the lab coat and the girl she comforted are preparing to go on stage to make an announcement.  She tells the world that mutants are not better or worse than normal humans, they are a people with a disease, and now they have a cure.\\r\\n\\r\\nMeanwhile the mysterious figure attacks an upscale party whilst the X-Men gear up to respond.","arc_id":null,"previous_event_id":null,"next_event_id":null},"1337021401_":{"comic":"8","issue_number":"1","year_published":"2004","month_published":"5","day_published":"26","image":"1337021400.jpg","summary":"A young girl awakens from a nightmare and is comforted by a woman in lab coat as a mysterious figure watches from the shadows.\\r\\n\\r\\nAs Kitty Pryde returns to the X-Mansion she reminisces about her life and experiences that she had there.  She eventually phases through a wall to discover that she is late and that Emma Frost has already begun the assembly.\\r\\n\\r\\nAs Kitty joins Scott and Hank on the chairs behind Emma on the platform, Emma informs the students that she will be a new teacher at the school.\\r\\n\\r\\nIn the middle of her speech Sentinels seemingly attack the auditorium, tearing through the ceiling and sending the students into a panic.  But it was only a Danger Room simulation which Emma claims was to teach them a lesson: \\"They will always hate us.\\"\\r\\n\\r\\nScott wakes up next Emma to find an angry Logan perched on the end of the bed.  Logan thinks that Scott is dishonoring Jean'' memory and they fight.\\r\\n\\r\\nLater the team is assembled in the the Danger Room and Hank berates the pair for the example they set for the students.  Scott declares that he is reassembling the X-Men to handle the things that superheroes should be doing and that he wants them all on the team.\\r\\n\\r\\nKavita Rao, the woman in the lab coat and the girl she comforted are preparing to go on stage to make an announcement.  She tells the world that mutants are not better or worse than normal humans, they are a people with a disease, and now they have a cure.\\r\\n\\r\\nMeanwhile the mysterious figure attacks an upscale party whilst the X-Men gear up to respond.","arc_id":null,"previous_event_id":null,"next_event_id":null},"1337021420_":{"comic":"8","issue_number":"1","year_published":"2004","month_published":"5","day_published":"26","image":null,"summary":"A young girl awakens from a nightmare and is comforted by a woman in lab coat as a mysterious figure watches from the shadows.\\r\\n\\r\\nAs Kitty Pryde returns to the X-Mansion she reminisces about her life and experiences that she had there.  She eventually phases through a wall to discover that she is late and that Emma Frost has already begun the assembly.\\r\\n\\r\\nAs Kitty joins Scott and Hank on the chairs behind Emma on the platform, Emma informs the students that she will be a new teacher at the school.\\r\\n\\r\\nIn the middle of her speech Sentinels seemingly attack the auditorium, tearing through the ceiling and sending the students into a panic.  But it was only a Danger Room simulation which Emma claims was to teach them a lesson: \\"They will always hate us.\\"\\r\\n\\r\\nScott wakes up next Emma to find an angry Logan perched on the end of the bed.  Logan thinks that Scott is dishonoring Jean'' memory and they fight.\\r\\n\\r\\nLater the team is assembled in the the Danger Room and Hank berates the pair for the example they set for the students.  Scott declares that he is reassembling the X-Men to handle the things that superheroes should be doing and that he wants them all on the team.\\r\\n\\r\\nKavita Rao, the woman in the lab coat and the girl she comforted are preparing to go on stage to make an announcement.  She tells the world that mutants are not better or worse than normal humans, they are a people with a disease, and now they have a cure.\\r\\n\\r\\nMeanwhile the mysterious figure attacks an upscale party whilst the X-Men gear up to respond.","arc_id":null,"previous_event_id":null,"next_event_id":null},"1337027389_":{"comic":"8","issue_number":"1","year_published":"2004","month_published":"5","day_published":"26","image":"1337027389.jpg","summary":"A young girl awakens from a nightmare and is comforted by a woman in lab coat as a mysterious figure watches from the shadows.\\r\\n\\r\\nAs Kitty Pryde returns to the X-Mansion she reminisces about her life and experiences that she had there.  She eventually phases through a wall to discover that she is late and that Emma Frost has already begun the assembly.\\r\\n\\r\\nAs Kitty joins Scott and Hank on the chairs behind Emma on the platform, Emma informs the students that she will be a new teacher at the school.\\r\\n\\r\\nIn the middle of her speech Sentinels seemingly attack the auditorium, tearing through the ceiling and sending the students into a panic.  But it was only a Danger Room simulation which Emma claims was to teach them a lesson: \\"They will always hate us.\\"\\r\\n\\r\\nScott wakes up next Emma to find an angry Logan perched on the end of the bed.  Logan thinks that Scott is dishonoring Jean'' memory and they fight.\\r\\n\\r\\nLater the team is assembled in the the Danger Room and Hank berates the pair for the example they set for the students.  Scott declares that he is reassembling the X-Men to handle the things that superheroes should be doing and that he wants them all on the team.\\r\\n\\r\\nKavita Rao, the woman in the lab coat and the girl she comforted are preparing to go on stage to make an announcement.  She tells the world that mutants are not better or worse than normal humans, they are a people with a disease, and now they have a cure.\\r\\n\\r\\nMeanwhile the mysterious figure attacks an upscale party whilst the X-Men gear up to respond.","arc_id":null,"previous_event_id":null,"next_event_id":null},"1337027888_":{"comic":"8","issue_number":"1","year_published":"2004","month_published":"5","day_published":"26","image":null,"summary":"A young girl awakens from a nightmare and is comforted by a woman in lab coat as a mysterious figure watches from the shadows.\\r\\n\\r\\nAs Kitty Pryde returns to the X-Mansion she reminisces about her life and experiences that she had there.  She eventually phases through a wall to discover that she is late and that Emma Frost has already begun the assembly.\\r\\n\\r\\nAs Kitty joins Scott and Hank on the chairs behind Emma on the platform, Emma informs the students that she will be a new teacher at the school.\\r\\n\\r\\nIn the middle of her speech Sentinels seemingly attack the auditorium, tearing through the ceiling and sending the students into a panic.  But it was only a Danger Room simulation which Emma claims was to teach them a lesson: \\"They will always hate us.\\"\\r\\n\\r\\nScott wakes up next Emma to find an angry Logan perched on the end of the bed.  Logan thinks that Scott is dishonoring Jean'' memory and they fight.\\r\\n\\r\\nLater the team is assembled in the the Danger Room and Hank berates the pair for the example they set for the students.  Scott declares that he is reassembling the X-Men to handle the things that superheroes should be doing and that he wants them all on the team.\\r\\n\\r\\nKavita Rao, the woman in the lab coat and the girl she comforted are preparing to go on stage to make an announcement.  She tells the world that mutants are not better or worse than normal humans, they are a people with a disease, and now they have a cure.\\r\\n\\r\\nMeanwhile the mysterious figure attacks an upscale party whilst the X-Men gear up to respond.","arc_id":null,"previous_event_id":null,"next_event_id":null}}', 0, '', 'published', '2012-06-16 13:00:00'),
(170, 13, 1965, 2, 10, 1, '1372374127.jpg', '<p>After the Avengers stop several crimes created by the Maggia, on of the leaders of the Maggia is summoned through an image projection system to their true leader, Count Nefaria.</p>\r\n<p>The Count is the richest noble in Europe, he heads the Maggia crime syndicate and he decides he needs to deal with the Avengers himself. &nbsp;He has his castle moved to the United States brick by brick and then opens it to the public and invites the Avengers.</p>\r\n<p>Out of pure curiosity the team, along with Rick Jones and the Teen Brigade head to the Count''s castle. &nbsp;Rick and the Brigade wait outside whilst the Avengers head inside and are surprised that the Count has actually prepared quarters for them. &nbsp;They suspect nothing and gratefully accept.</p>\r\n<p>The seemingly modern day lights in the asigned rooms are actually a Time Transcender Beams that make the Avengers appear to have frozen in time. &nbsp;Count Nefaria uses this opportunity to make holographic images of the Avengers. &nbsp;He sends them to the Pentagon where he demands the govenrment surrender so that the Avengers can rule. &nbsp;The government refuses and the fake Avengers declare war with the US Government.</p>\r\n<p>Meanwhile Rick Jones and the Teen Brigade become suspicious and attempt to sneak into the castle to find out what is happening but they are quickly found and thrown in the dungeons by the Count''s Maggia.</p>\r\n<p>The Count releases the Avengers from his hold leaving them unaware that he has actually done anything. &nbsp;As the Avengers leave the castle they are instantly attacked by US troops, they are hard pressed to defend themselves without hurting the soldiers so they retreat to their emergency headquarters.</p>\r\n<p>Ant Man and The Wasp discover the newspaper headlines declaring them wanted for treason. &nbsp;The team determines thatthey have been impersonated and that is must tie in with the Count as they were attacked as soon as they left.</p>\r\n<p>Whilst the Avengers head back to the Castle to confront Count Nefaria the Fantastic Four are warned by the Pentagon to stay off the streets in case they are attacked in the wake of the anti super-powered sentiment brought on by the recent confrontation with the Avengers.</p>\r\n<p>Rick and the Teen Brigade try to contact Iron Man using the hidden communications device they carry but they are unable to. &nbsp;The Count intercepts the call he has them moved to a new cell where the walls trap them in a narrow space that one touch will put them into a state of suspended animation.</p>', NULL, NULL, NULL, 737699300, '{"1372835338":{"737699300":null}}', 0, '', 'waiting', '2013-06-27 16:02:07'),
(90, 24, 2006, 3, 8, 13, '1331770878.jpg', 'As the students and teachers attend the funerals of the students killed by the missile that blew up their bus the previous night, they remember how the tragic even unfolded.<br /><br /><br />\r\n<br /><br /><br />\r\nHow for all their powers they were helpless to save their friends.<br /><br /><br />\r\n<br /><br /><br />\r\nAs the X-Men and the O*N*E argue and throw the blame around the New X-Men try to come to terms with what they have seen and what they have lost.<br /><br /><br />\r\n<br /><br /><br />\r\nStryker and his Purifiers have found a new target classified as an ''Omega Threat''.  A picture showing Josh (Elixir) and Laurie (Wallflower).', NULL, NULL, NULL, 100002077828287, '{"1331770878_100002077828287":{"comic":"13","issue_number":"24","year_published":"2006","month_published":"3","day_published":"8","image":"1331770878.jpg","comic_summary":"As the students and teachers attend the funerals of the students killed by the missile that blew up their bus the previous night, they remember how the tragic even unfolded.\\r\\n\\r\\nHow for all their powers they were helpless to save their friends.\\r\\n\\r\\nAs the X-Men and the O*N*E argue and throw the blame around the New X-Men try to come to terms with what they have seen and what they have lost.\\r\\n\\r\\nStryker and his Purifiers have found a new target classified as an ''Omega Threat''.  A picture showing Josh (Elixir) and Laurie (Wallflower).","arc_events":false,"characters":["50","48"],"character_events":["Sofia left the mansion the day of the attack without saying goodbye to Julian.","Cyclops informs Cannonball that his brother is not getting better and that his healing factor is not working."],"arc_id":false,"previous_event_id":false,"next_event_id":false}}', 0, '', 'published', '2012-06-16 13:00:00'),
(91, 25, 2006, 4, 12, 13, '1331838647.jpg', 'Whilst the New X-Men are training with Emma Frost and Colossus, Matthew Risman a Purifier working for Stryker takes up a sniper position.  An implant keeps him invisible from Sentinels and telepaths.<br /><br /><br />\r\n<br /><br /><br />\r\nThe New X-Men suffer a humiliating defeat by Colossus causing Elixir to lose his temper and strike him when the test is over and he has reverted to his flesh state.<br /><br /><br />\r\n<br /><br /><br />\r\nEmma kicks him from the team.<br /><br /><br />\r\n<br /><br /><br />\r\nLaurie approaches Sam Guthrie about Elixir as she is worried he is not coping with the loss of all their friends.   Sam advises she tells him how she feels.<br /><br /><br />\r\n<br /><br /><br />\r\nJay approaches Sooraya and asks her to tell Sam and Paige he loves them if he doesn''t come back.  He slips her an address but Laura tells her not to trust him as he smells of death.<br /><br /><br />\r\n<br /><br /><br />\r\nWhilst Laurie tries to talk to Elixir Matt Risman assassinates Laurie with a sniper rifle as Elixir can do nothing but watch.<br /><br /><br />\r\n<br /><br /><br />\r\nAs Risman reports his mission success Jay approaches Stryker''s church, he confronts the Stryker as he promised to help save his friends, Stryker shows him the source of his visions: Nimrod.', NULL, NULL, NULL, 100002077828287, '{"1331838647_100002077828287":{"comic":"13","issue_number":"25","year_published":"2006","month_published":"4","day_published":"12","image":"1331838647.jpg","comic_summary":"Whilst the New X-Men are training with Emma Frost and Colossus, Matthew Risman a Purifier working for Stryker takes up a sniper position.  An implant keeps him invisible from Sentinels and telepaths.\\r\\n\\r\\nThe New X-Men suffer a humiliating defeat by Colossus causing Elixir to lose his temper and strike him when the test is over and he has reverted to his flesh state.\\r\\n\\r\\nEmma kicks him from the team.\\r\\n\\r\\nLaurie approaches Sam Guthrie about Elixir as she is worried he is not coping with the loss of all their friends.   Sam advises she tells him how she feels.\\r\\n\\r\\nJay approaches Sooraya and asks her to tell Sam and Paige he loves them if he doesn''t come back.  He slips her an address but Laura tells her not to trust him as he smells of death.\\r\\n\\r\\nWhilst Laurie tries to talk to Elixir Matt Risman assassinates Laurie with a sniper rifle as Elixir can do nothing but watch.\\r\\n\\r\\nAs Risman reports his mission success Jay approaches Stryker''s church, he confronts the Stryker as he promised to help save his friends, Stryker shows him the source of his visions: Nimrod.","arc_events":false,"characters":["51"],"character_events":[""],"arc_id":false,"previous_event_id":false,"next_event_id":false}}', 0, '', 'published', '2012-06-16 13:01:00'),
(92, 26, 2006, 5, 10, 13, '1331850580.jpg', 'Jay Guthrie is shocked by Stryker''s revelation that the source of his knowledge is Nimrod, the mutant hunting sentinel.<br /><br /><br />\r\n<br /><br /><br />\r\nStryker tells him the story of how ''God sent him a second sign''.<br /><br /><br />\r\n<br /><br /><br />\r\nLaura questions Sooraya about her faith and what it means.  But Sooraya says she needs to meet Jay.<br /><br /><br />\r\n<br /><br /><br />\r\nCyclops tells David that he needs to stay at the institute as it is the only way to keep him and his family safe.  Hank bursts in and tells them about the assassination of Laurie.<br /><br /><br />\r\n<br /><br /><br />\r\nThey find a distraught Elixir being restrained by Wolverine, but Elixir somehow manages to cause boils on Wolverine forcing him to release him.  Cannonball reports that he can''t find Jay.<br /><br /><br />\r\n<br /><br /><br />\r\nIn Dallas, Forge monitors the movements of Sentinels.<br /><br /><br />\r\n<br /><br /><br />\r\nStryker shows Jay the predicted deaths of his team mates and explains how Sooraya is now the threat after Laurie''s death.  Stryker shows Jay an image of Sooraya now approaching the church as his men gun her down.<br /><br /><br />\r\n<br /><br /><br />\r\nAs Stryker waits for Nimrod''s predictions to re-align he tells Jay that he sent the men who killed his girlfriend to the machines before he kills Jay himself.<br /><br /><br />\r\n<br /><br /><br />\r\nStryker attacks the Institute using a gauntlet construcuted from Nimrod to incapacitate the Sentinels.<br /><br /><br />\r\n<br /><br /><br />\r\n', NULL, NULL, NULL, 100002077828287, '{"1331850580_100002077828287":{"comic":"13","issue_number":"26","year_published":"2006","month_published":"5","day_published":"10","image":"1331850580.jpg","comic_summary":"Jay Guthrie is shocked by Stryker''s revelation that the source of his knowledge is Nimrod, the mutant hunting sentinel.\\r\\n\\r\\nStryker tells him the story of how ''God sent him a second sign''.\\r\\n\\r\\nLaura questions Sooraya about her faith and what it means.  But Sooraya says she needs to meet Jay.\\r\\n\\r\\nCyclops tells David that he needs to stay at the institute as it is the only way to keep him and his family safe.  Hank bursts in and tells them about the assassination of Laurie.\\r\\n\\r\\nThey find a distraught Elixir being restrained by Wolverine, but Elixir somehow manages to cause boils on Wolverine forcing him to release him.  Cannonball reports that he can''t find Jay.\\r\\n\\r\\nIn Dallas, Forge monitors the movements of Sentinels.\\r\\n\\r\\nStryker shows Jay the predicted deaths of his team mates and explains how Sooraya is now the threat after Laurie''s death.  Stryker shows Jay an image of Sooraya now approaching the church as his men gun her down.\\r\\n\\r\\nAs Stryker waits for Nimrod''s predictions to re-align he tells Jay that he sent the men who killed his girlfriend to the machines before he kills Jay himself.\\r\\n\\r\\nStryker attacks the Institute using a gauntlet construcuted from Nimrod to incapacitate the Sentinels.\\r\\n\\r\\n","arc_events":false,"characters":["51"],"character_events":[""],"arc_id":false,"previous_event_id":false,"next_event_id":false}}', 0, '', 'published', '2012-06-16 13:02:00'),
(94, 27, 2006, 6, 7, 13, '1331855212.jpg', 'As Stryker attacks the Institute the figure he believed to be Sooraya whom he saw shot was actually Laura who''s healing power revives her and she takes out two of the Purifiers carrying her body.<br /><br /><br />\r\n<br /><br /><br />\r\nNimrod awakens and kills the two Purifiers in the room as Jay slowly dies.<br /><br /><br />\r\n<br /><br /><br />\r\nSooraya wakes up in her underwear but quickly joins the fight to repel the attackers.<br /><br /><br />\r\n<br /><br /><br />\r\nLaura arrives, saving Emma and many of the students and revealing the implants on the Purifiers that prevent telepaths from reading them.<br /><br /><br />\r\n<br /><br /><br />\r\nElixir hears Emma talking about the things she is now reading from one of the Purifiers minds including the fact they are responsible for killing Laurie.  He creeps up on Stryker and somehow reverses his power so that it kills Stryker, Josh''s skin turns pitch black.<br /><br /><br />\r\n<br /><br /><br />\r\nJosh is left catatonic in the infirmary whilst the X-Men fly off for Storm''s wedding.<br /><br /><br />\r\n<br /><br /><br />\r\nForge discovers Nimrod has arrived, declaring him The Maker.', NULL, NULL, NULL, 100002077828287, '{"1331855212_100002077828287":{"comic":"13","issue_number":"27","year_published":"2006","month_published":"6","day_published":"7","image":"1331855212.jpg","comic_summary":"As Stryker attacks the Institute the figure he believed to be Sooraya whom he saw shot was actually Laura who''s healing power revives her and she takes out two of the Purifiers carrying her body.\\r\\n\\r\\nNimrod awakens and kills the two Purifiers in the room as Jay slowly dies.\\r\\n\\r\\nSooraya wakes up in her underwear but quickly joins the fight to repel the attackers.\\r\\n\\r\\nLaura arrives, saving Emma and many of the students and revealing the implants on the Purifiers that prevent telepaths from reading them.\\r\\n\\r\\nElixir hears Emma talking about the things she is now reading from one of the Purifiers minds including the fact they are responsible for killing Laurie.  He creeps up on Stryker and somehow reverses his power so that it kills Stryker, Josh''s skin turns pitch black.\\r\\n\\r\\nJosh is left catatonic in the infirmary whilst the X-Men fly off for Storm''s wedding.\\r\\n\\r\\nForge discovers Nimrod has arrived, declaring him The Maker.","arc_events":false,"characters":["51"],"character_events":[""],"arc_id":false,"previous_event_id":false,"next_event_id":false}}', 0, '', 'published', '2012-06-16 13:03:00'),
(95, 2, 2004, 6, 23, 8, '1332041427.jpg', 'Kavita Rao shows her audience a video of two police officers attending the scene of when the little girl, Tildie Soames, mutation manifested and killed her parents and one of the officers.  She tells them that Tildie volunteered to help test the cure.<br /><br /><br />\r\n<br /><br /><br />\r\nMeanwhile, the X-Men evaluate the hostage situation at the up-scale party.  They determine that the mysterious figure who appears cold on the thermal scanners.<br /><br /><br />\r\n<br /><br /><br />\r\nWhilst Kitty begins phasing the hostages out covertly, Emma begins to play with the minds of the soldiers creating distractions, but the mysterious figure tells them to ''turn up their scramblers'' to defend against her.<br /><br /><br />\r\n<br /><br /><br />\r\nThe X-Men attack quickly, taking out the armed men, but Wolverine determines that the figure set this up as a test for them and a fight ensues.  The figure declares himself ''Ord, of the Breakworld''.  As the X-Men appear defeated, Lockheed appears and sets him on fire causing him to flee.<br /><br /><br />\r\n<br /><br /><br />\r\nWhilst the X-Men speak to the press one of them asks Hank about the ''mutant cure'', Hank has no idea what he is talking about.<br /><br /><br />\r\n<br /><br /><br />\r\nBack at the Mansion the X-Men try to deal with the fall out from the news of a ''cure''.  They consider the possibility that the attack by Ord and the announcement were connected.  Emma and Logan wish to take drastic measures to the point of killing her.  Emma because she fears the ''cure'' will be forced on them and Logan because she called him a disease.<br /><br /><br />\r\n<br /><br /><br />\r\nHank breaks into Benetech, the company producing the ''cure'', he confronts Kavita Rao.  But he tells her he isn''t there to stop her... he just wants to know if it works.', NULL, NULL, NULL, 100002077828287, '{"1332041427_100002077828287":{"comic":"8","issue_number":"2","year_published":"2004","month_published":"6","day_published":"23","image":"1332041427.jpg","comic_summary":"Kavita Rao shows her audience a video of two police officers attending the scene of when the little girl, Tildie Soames, mutation manifested and killed her parents and one of the officers.  She tells them that Tildie volunteered to help test the cure.\\r\\n\\r\\nMeanwhile, the X-Men evaluate the hostage situation at the up-scale party.  They determine that the mysterious figure who appears cold on the thermal scanners.\\r\\n\\r\\nWhilst Kitty begins phasing the hostages out covertly, Emma begins to play with the minds of the soldiers creating distractions, but the mysterious figure tells them to ''turn up their scramblers'' to defend against her.\\r\\n\\r\\nThe X-Men attack quickly, taking out the armed men, but Wolverine determines that the figure set this up as a test for them and a fight ensues.  The figure declares himself ''Ord, of the Breakworld''.  As the X-Men appear defeated, Lockheed appears and sets him on fire causing him to flee.\\r\\n\\r\\nWhilst the X-Men speak to the press one of them asks Hank about the ''mutant cure'', Hank has no idea what he is talking about.\\r\\n\\r\\nBack at the Mansion the X-Men try to deal with the fall out from the news of a ''cure''.  They consider the possibility that the attack by Ord and the announcement were connected.  Emma and Logan wish to take drastic measures to the point of killing her.  Emma because she fears the ''cure'' will be forced on them and Logan because she called him a disease.\\r\\n\\r\\nHank breaks into Benetech, the company producing the ''cure'', he confronts Kavita Rao.  But he tells her he isn''t there to stop her... he just wants to know if it works.","arc_events":false,"characters":["36","23"],"character_events":["Ord reveals his name and origin here but we don''t know anything about him other than he is interested in the X-Men.","Emma is angry that her name was left off of the guest list for the up-scale party for the first time because it was revealed she was a mutant.\\r\\n\\r\\nEmma reveals that she asked for Kitty to join the team so that someone would be there to watch her."],"arc_id":false,"previous_event_id":false,"next_event_id":false}}', 0, '', 'published', '2012-06-16 13:04:00'),
(96, 3, 2004, 7, 28, 8, '1332095803.jpg', 'Wing is talking with Kitty about what it means to him to be able to fly, and his history.  Kitty assures him that no one will force the ''cure'' on him.  He doesn''t believe her.<br /><br /><br />\r\n<br /><br /><br />\r\nHank informs the X-Men that Kavita Rao gave her the ''cure'' and that he will be a day at the most.<br /><br /><br />\r\n<br /><br /><br />\r\nMeanwhile, Ord is furious with Kavita for handing it to them.  He rants at her and about the X-Men but she seems completely indifferent and unafraid of him.<br /><br /><br />\r\n<br /><br /><br />\r\nScott shows Nick Fury one of the weapons they took off the mercenaries and Fury recognizes it but doesn''t know how they got it.<br /><br /><br />\r\n<br /><br /><br />\r\nFury insinuates that Ord could be a mutant and Scott takes offence.<br /><br /><br />\r\n<br /><br /><br />\r\nLogan confronts Hank about the sample.  He says that Emma couldn''t help but overhear his thoughts that he wanted to be normal again.  He warns him to flush the ''cure'' or he will.  They wind up fighting as Hank worries he is devolving.<br /><br /><br />\r\n<br /><br /><br />\r\nWhen their fight breaks into the corridors and in front of the students, Emma takes control of them and assembles the team in the Danger Room.<br /><br /><br />\r\n<br /><br /><br />\r\nScott assigns them tasks but Kitty asks if they should find the Professor, Emma warns that he is not running the team and they won''t be running to him for every little thing.<br /><br /><br />\r\n<br /><br /><br />\r\nHank''s investigation reveal startling news about who they are running tests on, a body.  He tells Scott and Emma and Scott believes it is Jean.', NULL, NULL, NULL, 100002077828287, '{"1332095803_100002077828287":{"comic":"8","issue_number":"3","year_published":"2004","month_published":"7","day_published":"28","image":"1332095803.jpg","comic_summary":"Wing is talking with Kitty about what it means to him to be able to fly, and his history.  Kitty assures him that no one will force the ''cure'' on him.  He doesn''t believe her.\\r\\n\\r\\nHank informs the X-Men that Kavita Rao gave her the ''cure'' and that he will be a day at the most.\\r\\n\\r\\nMeanwhile, Ord is furious with Kavita for handing it to them.  He rants at her and about the X-Men but she seems completely indifferent and unafraid of him.\\r\\n\\r\\nScott shows Nick Fury one of the weapons they took off the mercenaries and Fury recognizes it but doesn''t know how they got it.\\r\\n\\r\\nFury insinuates that Ord could be a mutant and Scott takes offence.\\r\\n\\r\\nLogan confronts Hank about the sample.  He says that Emma couldn''t help but overhear his thoughts that he wanted to be normal again.  He warns him to flush the ''cure'' or he will.  They wind up fighting as Hank worries he is devolving.\\r\\n\\r\\nWhen their fight breaks into the corridors and in front of the students, Emma takes control of them and assembles the team in the Danger Room.\\r\\n\\r\\nScott assigns them tasks but Kitty asks if they should find the Professor, Emma warns that he is not running the team and they won''t be running to him for every little thing.\\r\\n\\r\\nHank''s investigation reveal startling news about who they are running tests on, a body.  He tells Scott and Emma and Scott believes it is Jean.","arc_events":false,"characters":["51"],"character_events":[""],"arc_id":false,"previous_event_id":false,"next_event_id":false}}', 0, '', 'published', '2012-06-16 13:05:00'),
(97, 4, 2004, 8, 25, 8, '1332110556.jpg', 'Ord reminisces about the events in his life that brought him to this point, he comes from a violent society and he longs to return to his natural ways.<br /><br /><br />\r\n<br /><br /><br />\r\nThe X-Men prepare to break into Benetech to find the body they are testing on.<br /><br /><br />\r\n<br /><br /><br />\r\nBack at the mansion Ord has entered the Mansion and comes across Hisako and Wing.  He seems very disappointed to discover the X-Men are not present and eventually attacks the duo causing Hisako to activate her power an defend Wing.<br /><br /><br />\r\n<br /><br /><br />\r\nOrd manages to fend off Wing and attacks Wing, injecting him with something.<br /><br /><br />\r\n<br /><br /><br />\r\nHe tells Wing to the X-Men a message, that ''the mutant abomination will never be a threat to the Breakworld.''  He drops Wing from a great height.<br /><br /><br />\r\n<br /><br /><br />\r\nThe X-Men find a dead female mutant, but they don''t recognize her.  Emma receives a distress message from the Stepford Cuckoos, she tells them they need to return to the mansion but they attacked by men with non-lethal weapons.<br /><br /><br />\r\n<br /><br /><br />\r\nKitty has phased through a solid metal floor that is very deep, at least a hundred feet.  The metal felt extra-terrestrial.  She finds a vault door and picks the lock but the guards shoot at her and she phases.  The bullets hit a metallic being on the inside of the vault and he exits: Colossus.<br /><br /><br />\r\n<br /><br /><br />\r\nColossus takes out the guards before Kitty can talk him down, but he breaks down when he sees her, hoping he is finally, truly, dead.', NULL, NULL, NULL, 100002077828287, '{"1332110556_100002077828287":{"comic":"8","issue_number":"4","year_published":"2004","month_published":"8","day_published":"25","image":"1332110556.jpg","comic_summary":"Ord reminisces about the events in his life that brought him to this point, he comes from a violent society and he longs to return to his natural ways.\\r\\n\\r\\nThe X-Men prepare to break into Benetech to find the body they are testing on.\\r\\n\\r\\nBack at the mansion Ord has entered the Mansion and comes across Hisako and Wing.  He seems very disappointed to discover the X-Men are not present and eventually attacks the duo causing Hisako to activate her power an defend Wing.\\r\\n\\r\\nOrd manages to fend off Wing and attacks Wing, injecting him with something.\\r\\n\\r\\nHe tells Wing to the X-Men a message, that ''the mutant abomination will never be a threat to the Breakworld.''  He drops Wing from a great height.\\r\\n\\r\\nThe X-Men find a dead female mutant, but they don''t recognize her.  Emma receives a distress message from the Stepford Cuckoos, she tells them they need to return to the mansion but they attacked by men with non-lethal weapons.\\r\\n\\r\\nKitty has phased through a solid metal floor that is very deep, at least a hundred feet.  The metal felt extra-terrestrial.  She finds a vault door and picks the lock but the guards shoot at her and she phases.  The bullets hit a metallic being on the inside of the vault and he exits: Colossus.\\r\\n\\r\\nColossus takes out the guards before Kitty can talk him down, but he breaks down when he sees her, hoping he is finally, truly, dead.","arc_events":false,"characters":["51"],"character_events":[""],"arc_id":false,"previous_event_id":false,"next_event_id":false}}', 0, '', 'published', '2012-06-16 13:06:00'),
(104, 5, 2004, 9, 22, 8, '1370112337.jpg', '<p>As Cyclops lays on the floor bleeding out and hallucinating, Emma pleads with the guards to get help but they refuse.<br /><br /> <br /><br /> <br /><br /> <br /><br /> Meanwhile, Elixir heals Wing but when he awakens he realises his powers are gone.<br /><br /> <br /><br /> <br /><br /> <br /><br /> Whilst Kitty recovers her strength for the return trip to the surface she tries to deal with the fact that Piotr Rasputin(Colossus) might still be alive.<br /><br /> <br /><br /> <br /><br /> <br /><br /> Kavita Rao arrives to find the X-Men under guard and Cyclops bleeding. Whilst Beast berates the Doctor, Emma coordinates with the X-Men and they disable the guards.<br /><br /> <br /><br /> As they are about to leave Ord bursts through the wall after returning from the X-Mansion. As they are about to fight Kitty arrives with Colossus rendering the X-Men speechless and catching Ord off-guard.<br /><br /> <br /><br /> As Colossus defeats Ord Nick Fury arrives with SHIELD and holds them all at gunpoint.</p>', NULL, NULL, NULL, 737699300, 'Array', 0, '', 'published', '2012-06-16 13:07:00'),
(105, 6, 2004, 11, 3, 8, '1336737622.jpg', 'GIFTED: 6/6<br /><br /><br />\r\n<br /><br /><br />\r\nIn a flashback we see Ord giving Dr. Rao information for a ''cure'' for being a mutant and that Ord was working with Abigail Brand of SWORD.<br /><br /><br />\r\n<br /><br /><br />\r\nIn the present the X-Men are furious to learn that Ord ha diplomatic immunity and is untouchable.<br /><br /><br />\r\n<br /><br /><br />\r\nFury orders them to walk away but they refuse.<br /><br /><br />\r\n<br /><br /><br />\r\nFury questions Colossus'' return but Emma, Hank and Logan confirm it''s him.<br /><br /><br />\r\n<br /><br /><br />\r\nFury states that he didn''t know Ord was torturing and testing Colossus but orders Brand to explain her position to the X-Men.  It turns out that where SHIELD handles matters on Earth, SWORD deals with threats from space.<br /><br /><br />\r\n<br /><br /><br />\r\nAs they are talking, desperate mutants break in wanting the cure.  During the commotion Ord escapes.  Kitty drags Brand away from the fight where the X-Men make her finish her story.<br /><br /><br />\r\n<br /><br /><br />\r\nOrd''s homeworld, The Breakworld, has the ability to see glimpses of the future, they saw that a mutant, likely an X-Man would destroy the entire planet.<br /><br /><br />\r\n<br /><br /><br />\r\nBrand states that Fury didn''t know what was happening to Colossus but Hank wants to know if Dr. Rao knew.<br /><br /><br />\r\n<br /><br /><br />\r\nRao bursts in begging for help as Ord has kidnapped the little girl, Tildie.<br /><br /><br />\r\n<br /><br /><br />\r\nOrd begins his escape on a spaceship with the girl, the cure and all the information.  Colossus and Wolverine join up again as Colossus hurls Wolverine at the fleeing ship.<br /><br /><br />\r\n<br /><br /><br />\r\nLogan forces Ord to land safely saving the girl and the cure.  But SHIELD takes Ord into custody and declares that everyone is going to walk away and say that nothing happened.<br /><br /><br />\r\n<br /><br /><br />\r\nThe X-Men return home with the knowledge that a war is looming and Ord is the Vanguard.  Hank and Scott discuss the cure and how it will soon be in the hands of governments.<br /><br /><br />\r\n<br /><br /><br />\r\nAs Emma watches Kitty and Piotr reconnect someone talks to her and they decide that she must be dealt with first... but not why or how.', NULL, NULL, NULL, 100002077828287, '{"1336737622_":{"comic":"8","issue_number":"6","year_published":"2004","month_published":"11","day_published":"3","image":"1336737622.jpg","comic_summary":"GIFTED: 6\\/6\\r\\n\\r\\nIn a flashback we see Ord giving Dr. Rao information for a ''cure'' for being a mutant and that Ord was working with Abigail Brand of SWORD.\\r\\n\\r\\nIn the present the X-Men are furious to learn that Ord ha diplomatic immunity and is untouchable.\\r\\n\\r\\nFury orders them to walk away but they refuse.\\r\\n\\r\\nFury questions Colossus'' return but Emma, Hank and Logan confirm it''s him.\\r\\n\\r\\nFury states that he didn''t know Ord was torturing and testing Colossus but orders Brand to explain her position to the X-Men.  It turns out that where SHIELD handles matters on Earth, SWORD deals with threats from space.\\r\\n\\r\\nAs they are talking, desperate mutants break in wanting the cure.  During the commotion Ord escapes.  Kitty drags Brand away from the fight where the X-Men make her finish her story.\\r\\n\\r\\nOrd''s homeworld, The Breakworld, has the ability to see glimpses of the future, they saw that a mutant, likely an X-Man would destroy the entire planet.\\r\\n\\r\\nBrand states that Fury didn''t know what was happening to Colossus but Hank wants to know if Dr. Rao knew.\\r\\n\\r\\nRao bursts in begging for help as Ord has kidnapped the little girl, Tildie.\\r\\n\\r\\nOrd begins his escape on a spaceship with the girl, the cure and all the information.  Colossus and Wolverine join up again as Colossus hurls Wolverine at the fleeing ship.\\r\\n\\r\\nLogan forces Ord to land safely saving the girl and the cure.  But SHIELD takes Ord into custody and declares that everyone is going to walk away and say that nothing happened.\\r\\n\\r\\nThe X-Men return home with the knowledge that a war is looming and Ord is the Vanguard.  Hank and Scott discuss the cure and how it will soon be in the hands of governments.\\r\\n\\r\\nAs Emma watches Kitty and Piotr reconnect someone talks to her and they decide that she must be dealt with first... but not why or how.","characters":["35"],"character_events":["Hank is very insistent that Brand tells him if Kavita Rao knew what was happening to Piotr, no reason is given but it seems very important to him.\\r\\n\\r\\nHe still has a sample of the cure but he tells Scott he doesn''t intend to use it yet.  An X-Man doesn''t quit."],"arc_id":false,"previous_event_id":false,"next_event_id":false}}', 0, '', 'published', '2012-06-16 13:08:00');
INSERT INTO `mu_event` (`id`, `issue_number`, `year_published`, `month_published`, `day_published`, `comic`, `image`, `summary`, `arc_id`, `previous_event_id`, `next_event_id`, `added_by`, `edited_by`, `reported_count`, `report_history`, `status`, `date_added`) VALUES
(107, 7, 2004, 12, 22, 8, '1336759606.jpg', 'Danger: 1/6<br /><br /><br />\r\n<br /><br /><br />\r\nWing wanders through trees and grass denying to himself that he is now powerless.<br /><br /><br />\r\n<br /><br /><br />\r\nThe X-Men fight a multi-storey tall green monster during which each one has their own thoughts to contend with as the battle.  The Fantastic Four arrive and Ben is not pleased that they are on their turf.<br /><br /><br />\r\n<br /><br /><br />\r\nMeanwhile Wing appears to talk with Hisako who seems to encourage him to jump off the cliff he is standing on.<br /><br /><br />\r\n<br /><br /><br />\r\nThe combined forces of the X-Men and the Fantastic Four eventually subdue the monster.  Whilst talking with Reed and Sue it is brought up that the X-Men fighting alongside the Fantastic Four will bring good publicity for mutants, Scott doesn''t deny that this was his plan.<br /><br /><br />\r\n<br /><br /><br />\r\nAbigail Brand is brought before a tribunal to answer for her actions regarding Ord.  She remains defiant that she wouldn''t do anything different and that she wouldn''t change what she will do.  She claims an X-Man will destroy the Breakworld.<br /><br /><br />\r\n<br /><br /><br />\r\nThe X-Men are disappointed that their battle didn''t make the news.  They are interrupted by Hisako bursting in and looking for help for Wing as he is missing.<br /><br /><br />\r\n<br /><br /><br />\r\nBlindfold and the Stepford Cuckoos are able to sense him but Emma is not.<br /><br /><br />\r\n<br /><br /><br />\r\nWing lies dead at the bottom of the cliff... which is revealed to actually be the Danger Room.', NULL, NULL, NULL, 100002077828287, '{"1336759606_":{"comic":"8","issue_number":"7","year_published":"2004","month_published":"12","day_published":"22","image":"1336759606.jpg","comic_summary":"Danger: 1\\/6\\r\\n\\r\\nWing wanders through trees and grass denying to himself that he is now powerless.\\r\\n\\r\\nThe X-Men fight a multi-storey tall green monster during which each one has their own thoughts to contend with as the battle.  The Fantastic Four arrive and Ben is not pleased that they are on their turf.\\r\\n\\r\\nMeanwhile Wing appears to talk with Hisako who seems to encourage him to jump off the cliff he is standing on.\\r\\n\\r\\nThe combined forces of the X-Men and the Fantastic Four eventually subdue the monster.  Whilst talking with Reed and Sue it is brought up that the X-Men fighting alongside the Fantastic Four will bring good publicity for mutants, Scott doesn''t deny that this was his plan.\\r\\n\\r\\nAbigail Brand is brought before a tribunal to answer for her actions regarding Ord.  She remains defiant that she wouldn''t do anything different and that she wouldn''t change what she will do.  She claims an X-Man will destroy the Breakworld.\\r\\n\\r\\nThe X-Men are disappointed that their battle didn''t make the news.  They are interrupted by Hisako bursting in and looking for help for Wing as he is missing.\\r\\n\\r\\nBlindfold and the Stepford Cuckoos are able to sense him but Emma is not.\\r\\n\\r\\nWing lies dead at the bottom of the cliff... which is revealed to actually be the Danger Room.","characters":["51"],"character_events":[""],"arc_id":false,"previous_event_id":false,"next_event_id":false}}', 0, '', 'published', '2012-06-16 13:09:00'),
(120, 8, 2005, 2, 16, 8, '1370112666.jpg', '<p>As the X-Men are about to begin their search for Wing, Emma Frost and all the other telepaths are struck with severe pain before being rendered unconscious.<br /><br /> <br /><br /> <br /><br /> <br /><br /> Elsewhere two men watch as a badly damaged Sentinel they salvaged comes to life and starts moving away.<br /><br /> <br /><br /> <br /><br /> <br /><br /> Wolverine is unable to detect any form of attack that would cause the telepaths to collapse and Wing to vanish. <br /><br /> <br /><br /> <br /><br /> <br /><br /> As Scott tries to revive Emma she hears a voice taunting her and her relationship with Scott, but she doesn&rsquo;t awaken.<br /><br /> <br /><br /> <br /><br /> <br /><br /> Agent Brand receives word that all their taps and surveillance within the mansion are now offline but they don&rsquo;t know if they have been discovered by the X-Men.<br /><br /> <br /><br /> <br /><br /> <br /><br /> As the X-Men realise that they have been cut off from the outside world in everyway short of physically leaving the area Lockheed arrives and warns them that something is coming.<br /><br /> <br /><br /> <br /><br /> <br /><br /> They rush outside to find the damaged Sentinel. Whilst the X-Men engage the deranged machine, which rambles on about &lsquo;oppressors&rsquo; and it&rsquo;s &lsquo;Lord&rsquo;, Kitty moves the kids to the Danger Room for safety. Scott, wanting the battle ended quickly, removes his visor and unleashes a powerful blast that sends the Sentinel flying away from the mansion.<br /><br /> <br /><br /> <br /><br /> <br /><br /> Whilst Logan and the others finish off the Sentinel, Kitty and the students discover the body of Wing. They try to leave but the exit is gone. As Kitty is about to leave to get help the dead body of Wing re-animates and begins taunting and threatening the students.<br /><br /> <br /><br /> <br /><br /> <br /><br /> Emma arrives with Hank&rsquo;s help as the X-Men fail to gain access to the Danger Room, she tells them that the enemy is not IN the Danger Room but that it IS the Danger Room.<br /><br /> <br /><br /></p>', NULL, NULL, NULL, 737699300, 'Array', 0, '', 'published', '2012-06-16 13:10:00'),
(139, 14, 2006, 4, 26, 8, '1370117485.jpg', '<p>Scott finds himself replaying a memory from his past where he was with Jean and happy. A time when she was able to hold back his power so he could remove his visor.<br /><br /> <br /><br /> Scott is disgusted by Emma''s games. Emma taunts him about how much she wished Jean was around and their own psychic affair. Emma kisses him but when he catches a glance in the mirror he sees she is projecting hm as Logan. She again taunts him, this time that Logan is what he wanted to be, the love of her life.<br /><br /> <br /><br /> Meanwhile Kitty falls through the ceiling of the Mansion tv room naked due to being distracted by her ''activities'' with Piotr.<br /><br /> <br /><br /> Emma proceeds to the taunt Scott about why Xavier picked him as the leader of the X-Men.<br /><br /> <br /><br /> On the SWORD base, Brand is informed that the pre-cogs have determined who the Destroyer of Breakworld is.<br /><br /> <br /><br /> Emma takes Scott into his mind to ''The Bug Room''. She appears to force him to relive various bad memories.<br /><br /> <br /><br /> Hank is in his lab when he thinks Emma has come to see him, but when he gets a look he is shocked to see Cassandra Nova.<br /><br /> <br /><br /> Emma leaves Scott catatonic and his powers switched off.</p>', NULL, NULL, NULL, 100002077828287, 'Array', 0, '', 'published', '2012-06-16 13:11:00'),
(138, 13, 2006, 2, 22, 8, '1370117116.jpg', '<p>Emma is seen talking with Cassandra Nova prior to the devastation of Genosha, she tells her how millions will die and Emma will survive because she is going to give her a secondary mutation. She taunts Emma saying she is out of her league and couldn''t stop her.<br /><br /><br /> <br /><br /><br /> Logan has the students in the repaired yet inactive Danger Room and warns them that despite the fact that many students are gone due to M-Day, they are there to learn combat.<br /><br /><br /> <br /><br /><br /> Whilst napping with Piotr outside under a tree, Kitty has a nightmare about her father coming back and blaming her for letting them all die on Genosha.<br /><br /><br /> <br /><br /><br /> Emma appears to have caused the nightmare as she watches from the Mansion surrounded by the Hellfire Club.<br /><br /><br /> <br /><br /><br /> Although they all crave action Sebastian Shaw defers to the person he claims brought Hellfire back together: Perfection.<br /><br /><br /> <br /><br /><br /> Perfection assigns Emma to perform first.<br /><br /><br /> <br /><br /><br /> On the Hellicarrier Agent Brand and Agent Hill squabble over Brand''s disregard for the laws of Earth. Brand isn''t phased and warns her not to get in her way.<br /><br /><br /> <br /><br /><br /> Kitty goes to talk to Piotr in his room but finds she can''t. Piotr decides to take action and kisses her.<br /><br /><br /> <br /><br /><br /> Outside their door Emma walks away to her''s and Scott''s room. She attempts to seduce him by wearing Jean Grey''s form.</p>', NULL, NULL, NULL, 100002077828287, 'Array', 0, '', 'published', '2012-06-16 13:12:00'),
(137, 12, 2005, 8, 31, 8, '1370117078.jpg', '<p>As the massive monster of sentinel powers up it''s main weapons Kitty orders them to grab her and she phases them causing the beam to leave them unharmed.<br /><br /><br /> <br /><br /><br /> With insufficient power for a second blast it sends out a swarm of smaller robots that keep the X-Men busy as Beast attempts to remove Professor X from the battlefield. Danger rebuilds herself and chases after them, but Hank gives into his instincts which makes it harder for her to predict his moves.<br /><br /><br /> <br /><br /><br /> During the fighting Emma leaves the battle to speak to the unknown voice that she has been hearing, it tells her that soon she could drop the facade.<br /><br /><br /> <br /><br /><br /> Emma returns to the battle and Kitty orders Colossus to throw her as he does Wolverine.<br /><br /><br /> <br /><br /><br /> Beast defeats Danger''s body leaving Xavier to deal with Beast''s ''beast''.<br /><br /><br /> <br /><br /><br /> Kitty finds herself stuck in a stalemate with the sentinel,if she phases through the circuits it will reroute, if she becomes solid it will shoot.<br /><br /><br /> <br /><br /><br /> Instead she tells it to access a memory file that Danger locked away from it.<br /><br /><br /> <br /><br /><br /> The file contains the memory of the genocide. Something it did when it was a mere machine with no sense of self. But now it is alive and it leaves Earth to deal with these memories and try to come to terms with it.<br /><br /><br /> <br /><br /><br /> Colossus confronts Xavier, Danger told Colossus when he held her head that Xavier knew when she first became alive. Xavier admits he was wrong but still expects the X-Men to forgive and trust him.<br /><br /><br /> <br /><br /><br /> They leave him on Genosha disillusioned with their trusted leader.<br /><br /><br /> <br /><br /><br /> As the X-Men leave the the voices Emma hears are revealed to be the Hellfire Club.</p>', NULL, NULL, NULL, 100002077828287, 'Array', 0, '', 'published', '2012-06-16 13:13:00'),
(129, 9, 2005, 3, 1, 8, '1370112701.jpg', '<p>Whilst the X-Men discuss the ramifications of the Danger Room gaining sentience Kitty mobilizes the students as they defend themselves against the Danger Room which is controlling Wing''s corpse like a puppet.<br /><br /><br /> <br /><br /><br /> The Room continues to taunt and torture them as it hi-jacks the Blackbird<br /><br /><br /> <br /><br /><br /> Whilst conversing with Kitty it reveals it''s history and how it learnt to become what it is today, a machine built to kill, but never permitted to kill thanks to the safety features on the Room.<br /><br /><br /> <br /><br /><br /> Eventually Kitty realises that the Room is trying to get the X-Men to free it''s command core but she is too late as the room has attained a cybernetic form with female design.</p>', NULL, NULL, NULL, 100002077828287, 'Array', 0, '', 'published', '2012-06-16 13:14:00'),
(135, 10, 2005, 5, 11, 8, '1370116958.jpg', '<p>The new Danger Room construct speeds towards the remains of Genosha and Professor Charles Xavier, all the while it communicates with the Professor talking and taunting about how it easily defeated his X-Men at first.<br /><br /><br /> <br /><br /><br /> Abigail Brand monitors the situation from her SWORD base in orbit.<br /><br /><br /> <br /><br /><br /> Kitty warns her team mates to abandon their training as Danger knows how they fight.<br /><br /><br /> <br /><br /><br /> Brand confronts Ord to see if it is one of his friends attacking the X-Men, but he denies it.<br /><br /><br /> <br /><br /><br /> The X-Men begin to rally against Danger but she uses knowledge beyond their fighting tactics to defeat them.<br /><br /><br /> <br /><br /><br /> Emma willingly allows herself to be taken out because Danger knows a secret about her.<br /><br /><br /> <br /><br /><br /> Danger explains that she needs fulfillment and to achieve it she needs to kill Xavier.<br /><br /><br /> <br /><br /><br /> Xavier warns Danger that although she has fought the X-Men, he has never fought him.</p>', NULL, NULL, NULL, 100002077828287, 'Array', 0, '', 'published', '2012-06-16 13:15:00'),
(136, 11, 2005, 9, 7, 8, '1370117016.jpg', '<p>Danger lands on Genosha expecting to find the Professor an easy kill, but he tricks and uses a truck to drive her into a nearby power station. He implies that Magneto or another magnetic mutant has killed all other electronics in the area for him.<br /><br /><br /> <br /><br /><br /> Meanwhile, Elixir heals the X-Men and Kitty figures out where Danger has gone. They contact the Avengers and Fantastic four for a lift to Genosha.<br /><br /><br /> <br /><br /><br /> Xavier uses his victory over Danger to drag her into his mind to talk, she attempts to restore her body but Xavier has chopped it up and carries her head as he drags himself along.<br /><br /><br /> <br /><br /><br /> The X-Men arrive in a borrowed jet from the Fantastic Four and parachute down so that Danger can''t control it.<br /><br /><br /> <br /><br /><br /> The X-Men are too late as Danger reactivates the remnants of the Sentinel monster that eradicated Genosha.</p>', NULL, NULL, NULL, 100002077828287, 'Array', 0, '', 'published', '2012-06-16 13:16:00'),
(141, 15, 2006, 6, 21, 8, '1370117514.jpg', '<p>Emma arrives at the kitchen having forced herself to produce fake tears. She acts distraught as she explains Scott''s condition and Piotr, Kitty and Logan immediately get to work.<br /><br /><br /> <br /><br /><br /> Cassandra Nova strips away Hank McCoy leaving nothing but the Beast, she does not seem to notice Logan behind her as he came to get Hank to help with Scott.<br /><br /><br /> <br /><br /><br /> Kitty leaves Piotr with Scott to search for intruders in the house but she unwittingly stumbles across a goth like woman who is part of Hellfire.<br /><br /><br /> <br /><br /><br /> Sebastian Shaw confronts Piotr in the infirmary. Piotr transforms and immediately starts beating Shaw.<br /><br /><br /> <br /><br /><br /> The goth lady causes Kitty to fall through the ground as she loses control of her powers.<br /><br /><br /> <br /><br /><br /> Wolverine has been turned into a little boy, a spoilt little boy from the 19th century. He makes paper-doll chains until he sees the now feral Beast and then runs in terror.<br /><br /><br /> <br /><br /><br /> Kitty continues to phase deeper into the earth with no control.<br /><br /><br /> <br /><br /><br /> Hisako tries to comfort Blindfold who is hiding in the toilets but Logan bursts in with Beast on his tail. Logan hides behind Hisako leaving her to deal with the feral mutant.<br /><br /><br /> <br /><br /><br /> Agent Brand continues monitor the situation but Danger has boarded and secretly looks to strike a deal with Ord.<br /><br /><br /> <br /><br /><br /> Shaw eventually points out that Colossus has been feeding his power, he disables the metal mutant with a single shot.<br /><br /><br /> <br /><br /><br /> Hellfire reconvenes to report on their missions and all are dealt with and they are now ready to deal with the ''Main Event''.<br /><br /><br /> <br /><br /><br /> Kitty finally stops phasing and turns back prepared to fight Emma and stop her.</p>', NULL, NULL, NULL, 100002077828287, 'Array', 0, '', 'published', '2012-06-16 13:17:00'),
(142, 16, 2006, 8, 23, 8, '1370117970.jpg', '<p>Ord escapes SWORD custody with help from Danger.<br /><br /><br /> <br /><br /><br /> Logan is still running and hiding from the feral Hank whilst Hisako and Blindfold help each other to the infirmary. When they arrive Kitty emerges from the floor having managed to phase back up.<br /><br /><br /> <br /><br /><br /> In the depths of the subterranean levels the Hellfire Club have reached their destination. A box of some kind. Emma switches to her diamond form and hits it but lasers shoot out and throw her back. They seem unable to open it but it is implied that Kitty can get into it.<br /><br /><br /> <br /><br /><br /> Kitty manages to get the drop on Emma when she appears to be alone. She drags Emma into the walls and holds her phased in the rock so she can''t control her without killing herself.<br /><br /><br /> <br /><br /><br /> Emma states that she is working with four members of Hellfire, she withholds information about Perfection.<br /><br /><br /> <br /><br /><br /> Emma is found by Logan just as Perfection arrives, she removes her cloak and reveals herself to be The White Queen. This definitely causes confusion for Kitty.<br /><br /><br /> <br /><br /><br /> SWORD shoots down Ord and Danger''s shuttle but they aren''t on board, they track him down and Brand reveals that Colossus is the one destined to destroy Breakworld.</p>', NULL, NULL, NULL, 100002077828287, 'Array', 0, '', 'published', '2012-06-16 13:18:00'),
(143, 17, 2006, 9, 20, 8, '1370118003.jpg', '<p>Kitty hallucinates that she and Piotr have a son, Michael. But as he learns to walk and talk Xavier approaches and he along with Piotr and the rest of the X-Men turn on her and take her son away.<br /><br /><br /> <br /><br /><br /> Time passes in the hallucination and Kitty has been locked away from Michael for eighteen months. She threatens to kill Piotr unless he tells her where he son is.<br /><br /><br /> <br /><br /><br /> He tells her he is in the basement in a box.<br /><br /><br /> <br /><br /><br /> In the real world Kitty heads to the box the Hellfire Club want into.<br /><br /><br /> <br /><br /><br /> On the SWORD base Brand and her people have determined that Frost is behind the events at the Mansion. But also that there are traces of Cassandra Nova involved.<br /><br /><br /> <br /><br /><br /> They get a visual on Ord and Danger heading for the Manison from their mole in the X-Men. The mole wants to engage but Brand talks him down. The mole is Lockheed.<br /><br /><br /> <br /><br /><br /> As Kitty reaches the box Hisako and Blindfold try to reach the other X-Men.<br /><br /><br /> <br /><br /><br /> Kitty breaches the box as Danger and Ord arrive knocking out Hisako and Logan. Logan is brought to his natural state of mind by a can of beer that fell from the fridge.<br /><br /><br /> <br /><br /><br /> Piotr reaches Kitty as she retrieves the contents of the box which she believes is her son. In reality it is a slimy pulsating slug like mess.<br /><br /><br /> <br /><br /><br /> Both Piotr and Kitty collapse under the assault of Emma and Cassandra.<br /><br /><br /> <br /><br /><br /> The mess of slime turns out to be Cassandra Nova in some form but she intends to take over Emma Frosts body which all members of Hellfire and Emma herself seem to be eager to see. <br /><br /><br /> <br /><br /><br /> Emma is shot from behind and is shocked to see that Scott is there with a gun and his powers still deactivated.<br /><br /><br /></p>', NULL, NULL, NULL, 737699300, 'Array', 0, '', 'published', '2012-06-20 06:10:29'),
(144, 18, 2006, 11, 15, 8, '1370118030.jpg', '<p>Scott leans over Emma who he has just shot as Kitty and Piotr lie unconscious nearby with the slimy mess from the box. Cassandra Nova comes up behind him to attack but he spins around and shoots her in the head.<br /><br /><br /> <br /><br /><br /> He communicates telepathically with Blindfold who is providing him with psychic protection from Emma and the Hellfire Club. But Blindfold warns him that she is about to distracted by a feral Beast.<br /><br /><br /> <br /><br /><br /> Beast doesn''t seem to interested in her having recently eaten but Blindfold knows she has to deal with him. She has a box which belongs to Hank McCoy which will help subdue him. In it is a ball of red string.<br /><br /><br /> <br /><br /><br /> Ord and Danger continue to smash through the house search for the X-Men.<br /><br /><br /> <br /><br /><br /> Piotr wakes up to find Scott shooting the rest of the Hellfire Club, but Scott claims he isn''t shooting them as he is an X-Man. He is making a point.<br /><br /><br /> <br /><br /><br /> Danger and Ord are interrupted when Hisako attacks them, she keeps it up until Logan arrives and joins her.<br /><br /><br /> <br /><br /><br /> Kitty awakens and Scott tells her she has to find and save Emma.<br /><br /><br /> <br /><br /><br /> Danger uses Logan against Hisako but Hank arrives and saves them by using a unique magnetic field that sticks them to the ceiling without affecting Logan. Together they help patch up Hisako.<br /><br /><br /> <br /><br /><br /> After Kitty rescues Emma, Scott explains to the other X-Men that the Hellfire Club wasn''t really there. It was all Emma under Cassandra Nova''s influence as she had hidden certain suggestions in Emma''s brain.<br /><br /><br /> <br /><br /><br /> Danger builds a non-metallic body to free herself and Ord.<br /><br /><br /> <br /><br /><br /> Cassandra tries to get Emma to put her in Hisako.<br /><br /><br /> <br /><br /><br /> Kitty wants to kill Emma for what she put her through but Scott explains that Cassandra brought her here to open the box, Emma brought so she would kill her if this occurred. A failsafe.<br /><br /><br /> <br /><br /><br /> Just as Scott explains to Emma that she has a choice, that she can put Cassandra back, Ord and Danger break in but Agent Brand teleports them up to her ship and flies off leaving the students at the Mansion alone.</p>', NULL, NULL, NULL, 737699300, 'Array', 0, '', 'published', '2012-06-20 15:14:07'),
(166, 9, 1964, 10, 10, 1, '1367881067.jpg', '<p>As Captain America struggles with hallucinations of Baron Zemo, Zemo and his Masters of Evil are trapped between the sixth and seventh dimensions, there tempers are thin and they are only able to escape through the Enchantresses magic.<br /><br /> <br /><br /> They return to Zemo''s jungle kingdom in the Amazon where they hatch their plan. They return to New York where they pay the bail of Simon Williams, a millionaire arrested for embezzlement and blames Tony Stark for his downfall.<br /><br /> <br /><br /> Zemo bombards Williams with potent Ionic rays that give him super strength and invulnerability. They give him a costume and name him ''Wonder Man''. After testing his abilities they send him to New York to join the Avengers as a spy. But they warn him that the ionic rays will kill him without the antidote that Zemo has, keeping him loyal to him.<br /><br /> <br /><br /> Zemo, Executioner and Enchantress rob a bank allowing the Avengers to see Wonder Man drive them off.<br /><br /> <br /><br /> The Avengers are at first eager to accept Wonder Man but when he tells them he was captured by Zemo and experimented on Captain America refuses to believe Zemo would let him escape and suspects a plot. The Enchantress intervenes and makes them believe Wonder Man is dying and needs their help.<br /><br /> <br /><br /> The Avengers each begin to work on their cures for Wonder Man but he kidnaps the Wasp without them knowing and takes her to the Amazon. Zemo then makes him call the Avengers for help but only Iron Man is immediately available and he heads off to help whilst the others follow.<br /><br /> <br /><br /> The Avengers are beaten by Zemo the Masters of Evil and Wonder Man but when Zemo goes to kill them Wonder Man objects and saves them driving off the Masters of Evil.<br /><br /> <br /><br /> Without the antidote Wonder Man dies but earns some respect from the Avengers.</p>', NULL, NULL, NULL, 737699300, 'Array', 0, '', 'published', '2013-05-06 15:57:47'),
(160, 8, 1964, 9, 10, 1, '1367512212.jpg', 'The Avengers are called to their Headquarters at Tony Stark''s mansion where they are given a secure connection to the Pentagon.  There they see an amateur video of a UFO landing in Virginia.<br /><br />\r\n<br /><br />\r\nThe alien within calls himself Kang the Conqueror and he destroys the US Army''s weapons and orders the world leaders come and listen to his demands.<br /><br />\r\n<br /><br />\r\nThe Avengers immediately jet off to Virginia to deal with Kang.<br /><br />\r\n<br /><br />\r\nKang easily able to outmatch all of the Avengers and captures them all except The Wasp who escapes and joins up with Rick Jones and the Teen Brigade.<br /><br />\r\n<br /><br />\r\nThe Wasp heads back to Headquarters to find a weapon in the labs to use against Kang whilst Rick Jones and the Teen Brigade sneak past the Army to trick Kang into thinking they want to help him.<br /><br />\r\n<br /><br />\r\nThey manage to free the Avengers and sabotage some equipment until the Wasp returns with a weapon.  They successfully manage to drive Kang off of the planet.', NULL, NULL, NULL, 737699300, NULL, 0, '', 'published', '2013-05-02 09:30:12'),
(167, 10, 1964, 11, 10, 1, '1371589307.jpg', '<p>After a training session the Avengers hold a meeting where Iron Man raises the issue of officially making Rick Jones an Avenger due to his previous actions. &nbsp;Captain America objects as he believes it is his decision.</p>\r\n<p>Rick Jones overhears and questions the Captain but Captain America asks for his trust as he still bears the guilt for Bucky.</p>\r\n<p>Meanwhile Zemo, The Executioner and The Enchantress are planning their next move in the Amazon when they are confronted by Immortus. &nbsp;He challenges the Masters of Evil in a bid to join them. &nbsp;He proves his power by calling Paul Bunyan of legends to defeat the Executioner but the Executioner prevails. &nbsp;Zemo challenges Immortus to defeat the Avengers and prove his loyalty.</p>\r\n<p>Rick Jones and the Teen Brigade see an advert in the newspaper claiming they can get super powers. &nbsp;Rick Jones goes to visit the person at the address and finds Immortus who tells him the Ad was placed to bring Rick to him. &nbsp;Immortus calls in Atilla the Hun to capture Rick Jones who puts up a good fight but is quickly subdued.</p>\r\n<p>Captain America finds Rick missing and the Teen Brigade tell him about the ad. &nbsp;He rushes to the address in the paper where Immortus tells him that the Avengers told him that capturing Rick Jones was the best way to control the Captain. &nbsp;He returns to the Avengers and confronts them, he is enraged and attacks the Avengers who try to subdue him. &nbsp;They eventually get Captain America to calm down even though he no longer trusts them and they go to Immortus.</p>\r\n<p>Immortus pits each of the Avengers against a character from history:</p>\r\n<ul>\r\n<li>Ant man &amp; The Wasp vs. Goliath</li>\r\n<li>Iron Man vs. Merlin</li>\r\n<li>Thor vs. Hercules</li>\r\n</ul>\r\n<p>Captain America, meanwhile, fights through a medieval army as Immortus promises to return Rick to him if he wins. &nbsp;The Avengers return home believing Captain America is gone but they are attacked by The Masters of Evil. &nbsp;They are saved by Captain America who defeated Immortus'' army and was returned home with Rick.</p>\r\n<p>Seeing their defeat the Enchantress turns back time to before Immortus arrived.</p>\r\n<p>The Avengers don''t remember the events but the Masters of Evil do. &nbsp;This time they avoid Immortus.</p>', NULL, NULL, NULL, 737699300, NULL, 0, '', 'published', '2013-06-18 14:01:47');

-- --------------------------------------------------------

--
-- Table structure for table `mu_log`
--

CREATE TABLE IF NOT EXISTS `mu_log` (
  `id` int(11) NOT NULL AUTO_INCREMENT,
  `type` int(11) NOT NULL,
  `description` varchar(255) NOT NULL,
  `user_id` int(11) NOT NULL,
  PRIMARY KEY (`id`)
) ENGINE=MyISAM DEFAULT CHARSET=utf8 AUTO_INCREMENT=1 ;

--
-- Dumping data for table `mu_log`
--


-- --------------------------------------------------------

--
-- Table structure for table `mu_users`
--

CREATE TABLE IF NOT EXISTS `mu_users` (
  `id` bigint(20) NOT NULL,
  `type` int(11) NOT NULL DEFAULT '2',
  `status` int(11) NOT NULL,
  `reported_count` int(11) NOT NULL DEFAULT '0',
  `reportee_count` int(11) NOT NULL DEFAULT '0',
  `initial_visit` timestamp NOT NULL DEFAULT CURRENT_TIMESTAMP,
  `latest_visit` datetime NOT NULL,
  `report_history` longtext NOT NULL,
  `messages` longtext NOT NULL,
  PRIMARY KEY (`id`)
) ENGINE=MyISAM DEFAULT CHARSET=utf8;

--
-- Dumping data for table `mu_users`
--

INSERT INTO `mu_users` (`id`, `type`, `status`, `reported_count`, `reportee_count`, `initial_visit`, `latest_visit`, `report_history`, `messages`) VALUES
(100002077828287, 2, 0, 0, 1, '2011-12-15 06:04:33', '2012-04-20 14:32:33', '{"1325372568":{"reporter_id":"100002077828287","id":"3","details":"fdbdbffbd","event_id":"52"}}', ''),
(737699300, 0, 0, 0, 0, '2012-05-31 05:03:52', '2012-05-31 05:03:52', '', ''),
(0, 2, 0, 0, 0, '2013-04-23 14:04:34', '0000-00-00 00:00:00', '', '');
